------------- Insert 100 users--------------------
INSERT INTO profile (userid,name,password,date_of_birth,lastlogin) VALUES ('1','Allegra','TMA58URO6JG','05-May-92','09-Nov-17');
INSERT INTO profile (userid,name,password,date_of_birth,lastlogin) VALUES ('2','Lilah','YJW62LVH2QK','26-Apr-85','27-Dec-17');
INSERT INTO profile (userid,name,password,date_of_birth,lastlogin) VALUES ('3','Noelle','OIA67KNB0DJ','15-Sep-95','27-Sep-18');
INSERT INTO profile (userid,name,password,date_of_birth,lastlogin) VALUES ('4','Farrah','OJK72OGS6UH','17-Nov-91','29-Jun-17');
INSERT INTO profile (userid,name,password,date_of_birth,lastlogin) VALUES ('5','Jennifer','BAP63HHC9WS','15-Aug-80','13-Oct-18');
INSERT INTO profile (userid,name,password,date_of_birth,lastlogin) VALUES ('6','Jameson','LBT94HVG8LM','12-Jan-79','16-Jan-17');
INSERT INTO profile (userid,name,password,date_of_birth,lastlogin) VALUES ('7','Inez','TSQ73YUP2VP','22-Sep-01','03-Jun-17');
INSERT INTO profile (userid,name,password,date_of_birth,lastlogin) VALUES ('8','Brynne','WRG10AGK0MZ','05-Sep-96','30-Nov-17');
INSERT INTO profile (userid,name,password,date_of_birth,lastlogin) VALUES ('9','Lydia','CFS80QSO5JL','28-Jan-94','28-Sep-18');
INSERT INTO profile (userid,name,password,date_of_birth,lastlogin) VALUES ('10','Illiana','QOM27YFN5CQ','05-Dec-88','28-Apr-18');
INSERT INTO profile (userid,name,password,date_of_birth,lastlogin) VALUES ('11','Teegan','UUO99HMF9VP','15-Jul-80','16-Apr-17');
INSERT INTO profile (userid,name,password,date_of_birth,lastlogin) VALUES ('12','Lisandra','YKH36ICG9IV','05-Jun-92','08-Jul-17');
INSERT INTO profile (userid,name,password,date_of_birth,lastlogin) VALUES ('13','Jemima','MKH49DIJ2CL','19-Oct-84','06-Jan-18');
INSERT INTO profile (userid,name,password,date_of_birth,lastlogin) VALUES ('14','Janna','WUH28IIU4FO','11-Dec-69','21-Dec-16');
INSERT INTO profile (userid,name,password,date_of_birth,lastlogin) VALUES ('15','Mona','KAE38ECB3LR','27-Oct-89','07-Jun-17');
INSERT INTO profile (userid,name,password,date_of_birth,lastlogin) VALUES ('16','Clarke','HXF55OQG9NN','06-Aug-78','05-Aug-17');
INSERT INTO profile (userid,name,password,date_of_birth,lastlogin) VALUES ('17','Idola','OZS48ADM6JB','23-Oct-96','15-Mar-18');
INSERT INTO profile (userid,name,password,date_of_birth,lastlogin) VALUES ('18','Remedios','FJP79NUN6AP','14-Mar-93','06-Nov-17');
INSERT INTO profile (userid,name,password,date_of_birth,lastlogin) VALUES ('19','TaShya','WCW40KTU7EG','31-May-90','24-Jan-18');
INSERT INTO profile (userid,name,password,date_of_birth,lastlogin) VALUES ('20','Quentin','WYC42VBX6DI','04-Feb-86','26-Apr-17');
INSERT INTO profile (userid,name,password,date_of_birth,lastlogin) VALUES ('21','Pandora','BJZ87KRW8SE','01-Jun-88','25-Oct-17');
INSERT INTO profile (userid,name,password,date_of_birth,lastlogin) VALUES ('22','Kalia','KDA97PTM1VH','07-May-89','02-Apr-18');
INSERT INTO profile (userid,name,password,date_of_birth,lastlogin) VALUES ('23','Alec','PRS20ZUB1ET','21-Sep-96','04-Aug-17');
INSERT INTO profile (userid,name,password,date_of_birth,lastlogin) VALUES ('24','Hammett','MWP21GQD7AI','03-Nov-96','21-Apr-17');
INSERT INTO profile (userid,name,password,date_of_birth,lastlogin) VALUES ('25','Malcolm','YHP38YSJ9LP','26-Jan-98','20-Dec-16');
INSERT INTO profile (userid,name,password,date_of_birth,lastlogin) VALUES ('26','Calista','AAT58BQV1IM','28-May-91','17-Nov-16');
INSERT INTO profile (userid,name,password,date_of_birth,lastlogin) VALUES ('27','Lysandra','KRX77VBZ7ZT','26-Dec-90','21-Oct-18');
INSERT INTO profile (userid,name,password,date_of_birth,lastlogin) VALUES ('28','Eaton','MRT07RTG4NG','01-Jun-78','20-Mar-17');
INSERT INTO profile (userid,name,password,date_of_birth,lastlogin) VALUES ('29','Avram','EDJ60RMR0JI','26-Mar-87','29-Dec-17');
INSERT INTO profile (userid,name,password,date_of_birth,lastlogin) VALUES ('30','Ian','XXG94BOU2XX','06-Sep-99','07-May-18');
INSERT INTO profile (userid,name,password,date_of_birth,lastlogin) VALUES ('31','Merrill','JSP68EZQ6TA','22-Jun-91','24-May-17');
INSERT INTO profile (userid,name,password,date_of_birth,lastlogin) VALUES ('32','Carl','DAJ85JVQ4UF','14-May-82','21-Aug-17');
INSERT INTO profile (userid,name,password,date_of_birth,lastlogin) VALUES ('33','Perry','FEN94GQV6MH','13-Sep-81','04-Aug-17');
INSERT INTO profile (userid,name,password,date_of_birth,lastlogin) VALUES ('34','Nelle','PSV20ROE9NZ','30-Nov-86','03-Jan-18');
INSERT INTO profile (userid,name,password,date_of_birth,lastlogin) VALUES ('35','Rhea','NDB24LWB9EO','02-Jan-91','28-Aug-17');
INSERT INTO profile (userid,name,password,date_of_birth,lastlogin) VALUES ('36','Brenna','GUF50KER5TB','04-Oct-94','29-Aug-18');
INSERT INTO profile (userid,name,password,date_of_birth,lastlogin) VALUES ('37','Vernon','PTW77TDQ3HK','31-Jul-92','27-Oct-18');
INSERT INTO profile (userid,name,password,date_of_birth,lastlogin) VALUES ('38','Aretha','ZDQ59BTC0CU','16-May-81','26-Nov-16');
INSERT INTO profile (userid,name,password,date_of_birth,lastlogin) VALUES ('39','Garth','DDL52EXX4KD','03-May-74','11-Mar-17');
INSERT INTO profile (userid,name,password,date_of_birth,lastlogin) VALUES ('40','Evan','CYQ70MEV2MH','21-Sep-88','23-Dec-17');
INSERT INTO profile (userid,name,password,date_of_birth,lastlogin) VALUES ('41','Haviva','FSP06UTM8GJ','17-Sep-78','08-Aug-18');
INSERT INTO profile (userid,name,password,date_of_birth,lastlogin) VALUES ('42','Ryan','ELJ88WLI8XY','19-Jul-68','31-Oct-17');
INSERT INTO profile (userid,name,password,date_of_birth,lastlogin) VALUES ('43','Uta','KVD35KOF9GQ','02-Jun-97','04-Jul-17');
INSERT INTO profile (userid,name,password,date_of_birth,lastlogin) VALUES ('44','Baker','RVE90NPO4CZ','12-Feb-67','10-Aug-17');
INSERT INTO profile (userid,name,password,date_of_birth,lastlogin) VALUES ('45','Hoyt','LKK07OSA1PF','08-Feb-87','10-Oct-17');
INSERT INTO profile (userid,name,password,date_of_birth,lastlogin) VALUES ('46','Christine','PIZ11EWL4OS','10-Jan-91','30-Apr-18');
INSERT INTO profile (userid,name,password,date_of_birth,lastlogin) VALUES ('47','Rhonda','JYR75SBL7CR','29-Mar-90','03-Nov-17');
INSERT INTO profile (userid,name,password,date_of_birth,lastlogin) VALUES ('48','Dominic','JML97NPW5KO','04-Oct-80','07-Oct-17');
INSERT INTO profile (userid,name,password,date_of_birth,lastlogin) VALUES ('49','Solomon','UBS23VPA0AY','12-Feb-87','30-Apr-18');
INSERT INTO profile (userid,name,password,date_of_birth,lastlogin) VALUES ('50','Genevieve','UYL50DIJ9IG','08-May-90','16-Aug-17');
INSERT INTO profile (userid,name,password,date_of_birth,lastlogin) VALUES ('51','Clarke','LNI51JOU1AJ','03-Sep-91','04-Aug-18');
INSERT INTO profile (userid,name,password,date_of_birth,lastlogin) VALUES ('52','Carter','JBJ98VLP9WM','28-Jul-90','07-Feb-17');
INSERT INTO profile (userid,name,password,date_of_birth,lastlogin) VALUES ('53','Chester','CBG59AVX8KL','17-Feb-89','27-Oct-17');
INSERT INTO profile (userid,name,password,date_of_birth,lastlogin) VALUES ('54','Kirby','AIX54LYY0UI','23-Jun-94','22-Apr-18');
INSERT INTO profile (userid,name,password,date_of_birth,lastlogin) VALUES ('55','Samson','REJ53DOJ4RB','05-Aug-95','03-Dec-16');
INSERT INTO profile (userid,name,password,date_of_birth,lastlogin) VALUES ('56','Hilel','ZKX31WUK9QH','10-Aug-00','06-Dec-16');
INSERT INTO profile (userid,name,password,date_of_birth,lastlogin) VALUES ('57','Gareth','NDU30IHL4EB','19-Sep-01','28-Jun-17');
INSERT INTO profile (userid,name,password,date_of_birth,lastlogin) VALUES ('58','Clementine','VZI84PYZ2OO','01-Dec-98','04-Jul-17');
INSERT INTO profile (userid,name,password,date_of_birth,lastlogin) VALUES ('59','Troy','PMQ14WYH1IP','29-Nov-88','09-Nov-18');
INSERT INTO profile (userid,name,password,date_of_birth,lastlogin) VALUES ('60','Hoyt','GLZ19MUM1HK','18-May-99','15-Mar-18');
INSERT INTO profile (userid,name,password,date_of_birth,lastlogin) VALUES ('61','Robin','ZGO01KQO4TO','28-Dec-87','24-Jul-18');
INSERT INTO profile (userid,name,password,date_of_birth,lastlogin) VALUES ('62','Roanna','HVR86USQ0TB','19-May-79','23-Mar-17');
INSERT INTO profile (userid,name,password,date_of_birth,lastlogin) VALUES ('63','Nomlanga','HSM70NPQ2CL','18-Jul-87','15-Aug-18');
INSERT INTO profile (userid,name,password,date_of_birth,lastlogin) VALUES ('64','Jillian','FNU49VJX1SS','29-Apr-91','12-Apr-17');
INSERT INTO profile (userid,name,password,date_of_birth,lastlogin) VALUES ('65','Azalia','IDH23IXY7SK','20-May-93','23-Sep-17');
INSERT INTO profile (userid,name,password,date_of_birth,lastlogin) VALUES ('66','Zephr','FOH76BWV3XW','11-Dec-83','28-Sep-18');
INSERT INTO profile (userid,name,password,date_of_birth,lastlogin) VALUES ('67','Francesca','LOK92XTF1GT','24-Jul-78','04-Feb-18');
INSERT INTO profile (userid,name,password,date_of_birth,lastlogin) VALUES ('68','Tad','ESQ67IDM9KN','17-Feb-99','25-Oct-18');
INSERT INTO profile (userid,name,password,date_of_birth,lastlogin) VALUES ('69','Halee','QSP38ANR0LA','03-Apr-55','30-Jan-18');
INSERT INTO profile (userid,name,password,date_of_birth,lastlogin) VALUES ('70','Mannix','KBN95WFW0BJ','30-May-78','17-Feb-18');
INSERT INTO profile (userid,name,password,date_of_birth,lastlogin) VALUES ('71','Allistair','MLB93AIX1JE','23-Nov-90','24-Jan-18');
INSERT INTO profile (userid,name,password,date_of_birth,lastlogin) VALUES ('72','Autumn','GHQ52URD4LK','06-Sep-90','16-Nov-17');
INSERT INTO profile (userid,name,password,date_of_birth,lastlogin) VALUES ('73','Lareina','MKU66ECW8CC','02-Oct-89','25-May-17');
INSERT INTO profile (userid,name,password,date_of_birth,lastlogin) VALUES ('74','Patience','DKQ31UZZ3RO','12-Feb-91','23-Oct-18');
INSERT INTO profile (userid,name,password,date_of_birth,lastlogin) VALUES ('75','Jane','UDQ19QBR8QW','18-Aug-85','01-Feb-18');
INSERT INTO profile (userid,name,password,date_of_birth,lastlogin) VALUES ('76','Sylvester','HKP00LMH8DY','25-Dec-94','18-Jun-18');
INSERT INTO profile (userid,name,password,date_of_birth,lastlogin) VALUES ('77','Maryam','ODQ70VPC0LP','30-May-96','01-Nov-17');
INSERT INTO profile (userid,name,password,date_of_birth,lastlogin) VALUES ('78','Fritz','PCN38ELJ3SJ','21-Sep-99','03-Sep-17');
INSERT INTO profile (userid,name,password,date_of_birth,lastlogin) VALUES ('79','Dane','RNT43PIO2US','29-Sep-87','30-Jun-18');
INSERT INTO profile (userid,name,password,date_of_birth,lastlogin) VALUES ('80','Adele','AXO03KEW5QE','16-Feb-86','24-Aug-18');
INSERT INTO profile (userid,name,password,date_of_birth,lastlogin) VALUES ('81','Frances','OQF12YOD5EO','30-Jun-74','26-Dec-16');
INSERT INTO profile (userid,name,password,date_of_birth,lastlogin) VALUES ('82','George','AIU04NUG4GV','26-May-95','09-Oct-17');
INSERT INTO profile (userid,name,password,date_of_birth,lastlogin) VALUES ('83','Meghan','UYY70FEI8SU','10-Mar-96','07-Dec-17');
INSERT INTO profile (userid,name,password,date_of_birth,lastlogin) VALUES ('84','Zeus','WXZ25YEA8XI','14-May-80','04-Oct-18');
INSERT INTO profile (userid,name,password,date_of_birth,lastlogin) VALUES ('85','Yoko','NDZ13WSC5HI','26-Oct-90','16-Sep-17');
INSERT INTO profile (userid,name,password,date_of_birth,lastlogin) VALUES ('86','Clementine','MEU46QNE8OV','20-Sep-96','29-Jan-17');
INSERT INTO profile (userid,name,password,date_of_birth,lastlogin) VALUES ('87','Porter','LUX60ZIR7KS','12-Aug-89','17-Sep-17');
INSERT INTO profile (userid,name,password,date_of_birth,lastlogin) VALUES ('88','Dorian','UFH53LTZ0PT','20-Jan-99','24-Oct-17');
INSERT INTO profile (userid,name,password,date_of_birth,lastlogin) VALUES ('89','Dominique','IAB51BXG2WT','20-Apr-87','25-Nov-17');
INSERT INTO profile (userid,name,password,date_of_birth,lastlogin) VALUES ('90','Ferris','AQH30ION1JK','28-Jul-99','13-Sep-17');
INSERT INTO profile (userid,name,password,date_of_birth,lastlogin) VALUES ('91','Cedric','NLV83LQF0HB','07-Oct-91','17-Mar-18');
INSERT INTO profile (userid,name,password,date_of_birth,lastlogin) VALUES ('92','Whitney','OKS60EGT1EG','14-Apr-92','11-Sep-17');
INSERT INTO profile (userid,name,password,date_of_birth,lastlogin) VALUES ('93','Lareina','XOX01TRP4VZ','10-Sep-96','07-Jan-17');
INSERT INTO profile (userid,name,password,date_of_birth,lastlogin) VALUES ('94','Jael','MKX30XLP3WT','23-Jul-78','29-Nov-16');
INSERT INTO profile (userid,name,password,date_of_birth,lastlogin) VALUES ('95','Eaton','NSD61TDJ7EM','09-Feb-69','30-May-18');
INSERT INTO profile (userid,name,password,date_of_birth,lastlogin) VALUES ('96','Meghan','UIP67JDO1TW','16-Feb-77','11-Jan-18');
INSERT INTO profile (userid,name,password,date_of_birth,lastlogin) VALUES ('97','Nathaniel','SLU25PAL1ZZ','26-Sep-66','10-Nov-17');
INSERT INTO profile (userid,name,password,date_of_birth,lastlogin) VALUES ('98','Ori','NAM79EIN8NO','02-Dec-95','08-Sep-17');
INSERT INTO profile (userid,name,password,date_of_birth,lastlogin) VALUES ('99','MacKenzie','ZTW49JPT8XH','18-Apr-65','21-Feb-17');
INSERT INTO profile (userid,name,password,date_of_birth,lastlogin) VALUES ('100','Autumn','XQN14LUJ6WF','17-Dec-87','14-Aug-18');
INSERT INTO profile (userid,name,password,date_of_birth,lastlogin) VALUES ('101','Andy','XQP17LUQ6WF','17-Dec-87','14-Aug-18');


---------- 10 groups ----------------
INSERT INTO groups (gID,name,description) VALUES (1,'Fusce Institute','feugiat tellus lorem eu metus. In lorem. Donec elementum, lorem ut aliquam iaculis,');
INSERT INTO groups (gID,name,description) VALUES (2,'Diam At Pretium Corp.','Duis sit amet diam');
INSERT INTO groups (gID,name,description) VALUES (3,'Consectetuer LLC','ipsum primis in faucibus orci luctus et ultrices posuere cubilia Curae;');
INSERT INTO groups (gID,name,description) VALUES (4,'Lobortis Tellus Justo Institute','eget nisi dictum augue malesuada malesuada. Integer id magna et ipsum cursus vestibulum. Mauris magna. Duis');
INSERT INTO groups (gID,name,description) VALUES (5,'Sodales Nisi Magna PC','Nullam lobortis quam a felis ullamcorper viverra. Maecenas iaculis aliquet diam. Sed diam lorem, auctor quis,');
INSERT INTO groups (gID,name,description) VALUES (6,'Duis Ac Arcu Inc.','egestas rhoncus. Proin nisl sem, consequat nec, mollis vitae, posuere at, velit. Cras lorem lorem, luctus');
INSERT INTO groups (gID,name,description) VALUES (7,'Quisque Incorporated','dolor dolor, tempus non, lacinia at, iaculis');
INSERT INTO groups (gID,name,description) VALUES (8,'Vestibulum Company','eleifend non, dapibus rutrum, justo. Praesent luctus. Curabitur');
INSERT INTO groups (gID,name,description) VALUES (9,'Pretium Institute','leo, in lobortis tellus justo sit amet nulla. Donec non justo. Proin non massa non ante bibendum ullamcorper.');
INSERT INTO groups (gID,name,description) VALUES (10,'Ut Company','dictum cursus. Nunc mauris elit,');

--------------------200 Frieds -----------------------------------
INSERT INTO friends (userID1,userID2,JDate) VALUES (43,44,'22-Jun-17');
INSERT INTO friends (userID1,userID2,JDate) VALUES (25,31,'16-Nov-16');
INSERT INTO friends (userID1,userID2,JDate) VALUES (7,94,'24-Jul-17');
INSERT INTO friends (userID1,userID2,JDate) VALUES (25,11,'01-May-17');
INSERT INTO friends (userID1,userID2,JDate) VALUES (93,66,'29-Nov-17');
INSERT INTO friends (userID1,userID2,JDate) VALUES (80,57,'07-Jun-17');
INSERT INTO friends (userID1,userID2,JDate) VALUES (69,55,'08-Feb-17');
INSERT INTO friends (userID1,userID2,JDate) VALUES (84,6,'19-Oct-17');
INSERT INTO friends (userID1,userID2,JDate) VALUES (27,2,'30-Nov-17');
INSERT INTO friends (userID1,userID2,JDate) VALUES (78,18,'19-Oct-18');
INSERT INTO friends (userID1,userID2,JDate) VALUES (17,84,'06-Dec-16');
INSERT INTO friends (userID1,userID2,JDate) VALUES (100,6,'15-May-17');
INSERT INTO friends (userID1,userID2,JDate) VALUES (91,82,'10-Mar-18');
INSERT INTO friends (userID1,userID2,JDate) VALUES (10,96,'20-Oct-18');
INSERT INTO friends (userID1,userID2,JDate) VALUES (34,15,'12-Jul-18');
INSERT INTO friends (userID1,userID2,JDate) VALUES (27,55,'04-Dec-16');
INSERT INTO friends (userID1,userID2,JDate) VALUES (50,65,'24-Jun-17');
INSERT INTO friends (userID1,userID2,JDate) VALUES (22,79,'03-Oct-17');
INSERT INTO friends (userID1,userID2,JDate) VALUES (1,100,'15-Oct-17');
INSERT INTO friends (userID1,userID2,JDate) VALUES (84,24,'12-May-17');
INSERT INTO friends (userID1,userID2,JDate) VALUES (62,14,'16-Mar-17');
INSERT INTO friends (userID1,userID2,JDate) VALUES (83,33,'31-Mar-17');
INSERT INTO friends (userID1,userID2,JDate) VALUES (76,69,'06-Oct-17');
INSERT INTO friends (userID1,userID2,JDate) VALUES (13,68,'31-Jan-18');
INSERT INTO friends (userID1,userID2,JDate) VALUES (18,41,'21-Feb-17');
INSERT INTO friends (userID1,userID2,JDate) VALUES (22,63,'07-Nov-17');
INSERT INTO friends (userID1,userID2,JDate) VALUES (19,97,'28-Jul-17');
INSERT INTO friends (userID1,userID2,JDate) VALUES (34,45,'08-Feb-18');
INSERT INTO friends (userID1,userID2,JDate) VALUES (77,94,'06-Jul-18');
INSERT INTO friends (userID1,userID2,JDate) VALUES (37,74,'24-Sep-17');
INSERT INTO friends (userID1,userID2,JDate) VALUES (35,92,'09-Jul-18');
INSERT INTO friends (userID1,userID2,JDate) VALUES (21,43,'08-Jun-18');
INSERT INTO friends (userID1,userID2,JDate) VALUES (5,86,'14-Jul-18');
INSERT INTO friends (userID1,userID2,JDate) VALUES (55,2,'25-Jul-17');
INSERT INTO friends (userID1,userID2,JDate) VALUES (91,98,'26-Dec-17');
INSERT INTO friends (userID1,userID2,JDate) VALUES (39,27,'21-Aug-18');
INSERT INTO friends (userID1,userID2,JDate) VALUES (24,48,'04-Mar-18');
INSERT INTO friends (userID1,userID2,JDate) VALUES (78,21,'13-May-17');
INSERT INTO friends (userID1,userID2,JDate) VALUES (55,27,'04-Apr-18');
INSERT INTO friends (userID1,userID2,JDate) VALUES (70,8,'01-Dec-16');
INSERT INTO friends (userID1,userID2,JDate) VALUES (99,30,'23-Feb-18');
INSERT INTO friends (userID1,userID2,JDate) VALUES (90,78,'16-Jun-17');
INSERT INTO friends (userID1,userID2,JDate) VALUES (80,49,'21-Dec-17');
INSERT INTO friends (userID1,userID2,JDate) VALUES (17,37,'10-Mar-17');
INSERT INTO friends (userID1,userID2,JDate) VALUES (46,59,'25-Apr-18');
INSERT INTO friends (userID1,userID2,JDate) VALUES (51,22,'16-Jan-18');
INSERT INTO friends (userID1,userID2,JDate) VALUES (95,79,'01-May-18');
INSERT INTO friends (userID1,userID2,JDate) VALUES (52,76,'18-May-17');
INSERT INTO friends (userID1,userID2,JDate) VALUES (25,23,'10-Feb-18');
INSERT INTO friends (userID1,userID2,JDate) VALUES (40,3,'13-Nov-18');
INSERT INTO friends (userID1,userID2,JDate) VALUES (6,54,'13-Nov-17');
INSERT INTO friends (userID1,userID2,JDate) VALUES (81,54,'29-Jun-17');
INSERT INTO friends (userID1,userID2,JDate) VALUES (8,17,'09-Aug-18');
INSERT INTO friends (userID1,userID2,JDate) VALUES (41,27,'15-Sep-18');
INSERT INTO friends (userID1,userID2,JDate) VALUES (63,80,'18-Jul-18');
INSERT INTO friends (userID1,userID2,JDate) VALUES (84,92,'21-Sep-18');
INSERT INTO friends (userID1,userID2,JDate) VALUES (68,61,'16-Jun-17');
INSERT INTO friends (userID1,userID2,JDate) VALUES (27,88,'04-Sep-18');
INSERT INTO friends (userID1,userID2,JDate) VALUES (2,33,'05-Jul-18');
INSERT INTO friends (userID1,userID2,JDate) VALUES (63,56,'08-Feb-18');
INSERT INTO friends (userID1,userID2,JDate) VALUES (97,34,'15-May-18');
INSERT INTO friends (userID1,userID2,JDate) VALUES (8,5,'20-Sep-18');
INSERT INTO friends (userID1,userID2,JDate) VALUES (70,46,'28-Jul-18');
INSERT INTO friends (userID1,userID2,JDate) VALUES (11,80,'18-Dec-17');
INSERT INTO friends (userID1,userID2,JDate) VALUES (1,14,'03-Apr-17');
INSERT INTO friends (userID1,userID2,JDate) VALUES (8,31,'21-Aug-17');
INSERT INTO friends (userID1,userID2,JDate) VALUES (89,19,'03-Jan-18');
INSERT INTO friends (userID1,userID2,JDate) VALUES (40,66,'25-Dec-16');
INSERT INTO friends (userID1,userID2,JDate) VALUES (37,10,'10-Jul-18');
INSERT INTO friends (userID1,userID2,JDate) VALUES (16,75,'02-Dec-17');
INSERT INTO friends (userID1,userID2,JDate) VALUES (99,49,'12-Nov-17');
INSERT INTO friends (userID1,userID2,JDate) VALUES (77,99,'26-Dec-17');
INSERT INTO friends (userID1,userID2,JDate) VALUES (85,16,'25-Apr-18');
INSERT INTO friends (userID1,userID2,JDate) VALUES (31,17,'06-Aug-18');
INSERT INTO friends (userID1,userID2,JDate) VALUES (56,71,'26-Dec-17');
INSERT INTO friends (userID1,userID2,JDate) VALUES (75,33,'09-Jul-17');
INSERT INTO friends (userID1,userID2,JDate) VALUES (30,47,'24-Jul-17');
INSERT INTO friends (userID1,userID2,JDate) VALUES (13,60,'08-May-18');
INSERT INTO friends (userID1,userID2,JDate) VALUES (58,62,'18-Sep-18');
INSERT INTO friends (userID1,userID2,JDate) VALUES (64,67,'16-May-17');
INSERT INTO friends (userID1,userID2,JDate) VALUES (30,92,'03-Dec-17');
INSERT INTO friends (userID1,userID2,JDate) VALUES (91,55,'15-Jul-18');
INSERT INTO friends (userID1,userID2,JDate) VALUES (75,84,'18-Oct-17');
INSERT INTO friends (userID1,userID2,JDate) VALUES (13,14,'24-Apr-17');
INSERT INTO friends (userID1,userID2,JDate) VALUES (61,43,'28-Aug-18');
INSERT INTO friends (userID1,userID2,JDate) VALUES (69,18,'06-Oct-18');
INSERT INTO friends (userID1,userID2,JDate) VALUES (6,22,'03-Apr-17');
INSERT INTO friends (userID1,userID2,JDate) VALUES (98,58,'11-Sep-17');
INSERT INTO friends (userID1,userID2,JDate) VALUES (48,80,'05-Mar-18');
INSERT INTO friends (userID1,userID2,JDate) VALUES (61,35,'02-Apr-18');
INSERT INTO friends (userID1,userID2,JDate) VALUES (89,53,'01-May-18');
INSERT INTO friends (userID1,userID2,JDate) VALUES (7,80,'21-Feb-18');
INSERT INTO friends (userID1,userID2,JDate) VALUES (51,8,'01-Jul-18');
INSERT INTO friends (userID1,userID2,JDate) VALUES (69,23,'12-Jul-17');
INSERT INTO friends (userID1,userID2,JDate) VALUES (67,3,'06-Oct-17');
INSERT INTO friends (userID1,userID2,JDate) VALUES (19,84,'17-Nov-16');
INSERT INTO friends (userID1,userID2,JDate) VALUES (75,53,'11-Apr-18');
INSERT INTO friends (userID1,userID2,JDate) VALUES (3,77,'19-Feb-18');
INSERT INTO friends (userID1,userID2,JDate) VALUES (76,63,'08-Aug-18');
INSERT INTO friends (userID1,userID2,JDate) VALUES (56,89,'07-Oct-17');
INSERT INTO friends (userID1,userID2,JDate) VALUES (39,90,"05-Jul-17");
INSERT INTO friends (userID1,userID2,JDate) VALUES (61,86,"30-Jun-17");
INSERT INTO friends (userID1,userID2,JDate) VALUES (60,69,"22-Mar-17");
INSERT INTO friends (userID1,userID2,JDate) VALUES (60,55,"23-Jul-17");
INSERT INTO friends (userID1,userID2,JDate) VALUES (87,47,"15-Jan-17");
INSERT INTO friends (userID1,userID2,JDate) VALUES (73,14,"05-Feb-17");
INSERT INTO friends (userID1,userID2,JDate) VALUES (52,23,"04-Apr-17");
INSERT INTO friends (userID1,userID2,JDate) VALUES (2,22,"19-Dec-16");
INSERT INTO friends (userID1,userID2,JDate) VALUES (9,15,"16-Dec-16");
INSERT INTO friends (userID1,userID2,JDate) VALUES (41,56,"01-Sep-17");
INSERT INTO friends (userID1,userID2,JDate) VALUES (49,79,"28-May-17");
INSERT INTO friends (userID1,userID2,JDate) VALUES (84,5,"31-Jan-17");
INSERT INTO friends (userID1,userID2,JDate) VALUES (39,8,"13-Sep-17");
INSERT INTO friends (userID1,userID2,JDate) VALUES (56,57,"07-Jan-17");
INSERT INTO friends (userID1,userID2,JDate) VALUES (27,57,"11-Jan-17");
INSERT INTO friends (userID1,userID2,JDate) VALUES (57,21,"19-Dec-16");
INSERT INTO friends (userID1,userID2,JDate) VALUES (8,4,"03-Mar-17");
INSERT INTO friends (userID1,userID2,JDate) VALUES (9,20,"26-Dec-16");
INSERT INTO friends (userID1,userID2,JDate) VALUES (50,100,"12-Jan-17");
INSERT INTO friends (userID1,userID2,JDate) VALUES (3,51,"06-May-17");
INSERT INTO friends (userID1,userID2,JDate) VALUES (64,32,"24-May-17");
INSERT INTO friends (userID1,userID2,JDate) VALUES (24,24,"22-Jan-17");
INSERT INTO friends (userID1,userID2,JDate) VALUES (67,15,"12-Apr-17");
INSERT INTO friends (userID1,userID2,JDate) VALUES (77,62,"24-Oct-17");
INSERT INTO friends (userID1,userID2,JDate) VALUES (30,52,"09-Jun-17");
INSERT INTO friends (userID1,userID2,JDate) VALUES (38,3,"13-Nov-17");
INSERT INTO friends (userID1,userID2,JDate) VALUES (18,97,"09-Dec-16");
INSERT INTO friends (userID1,userID2,JDate) VALUES (77,59,"30-Dec-16");
INSERT INTO friends (userID1,userID2,JDate) VALUES (49,81,"25-Oct-17");
INSERT INTO friends (userID1,userID2,JDate) VALUES (81,53,"09-Feb-17");
INSERT INTO friends (userID1,userID2,JDate) VALUES (56,7,"16-Jan-17");
INSERT INTO friends (userID1,userID2,JDate) VALUES (9,65,"30-Mar-17");
INSERT INTO friends (userID1,userID2,JDate) VALUES (75,54,"17-Dec-16");
INSERT INTO friends (userID1,userID2,JDate) VALUES (82,23,"08-Jun-17");
INSERT INTO friends (userID1,userID2,JDate) VALUES (74,56,"08-Mar-17");
INSERT INTO friends (userID1,userID2,JDate) VALUES (51,4,"02-Jun-17");
INSERT INTO friends (userID1,userID2,JDate) VALUES (60,53,"13-Jan-17");
INSERT INTO friends (userID1,userID2,JDate) VALUES (89,89,"13-Dec-16");
INSERT INTO friends (userID1,userID2,JDate) VALUES (24,73,"22-Mar-17");
INSERT INTO friends (userID1,userID2,JDate) VALUES (76,99,"11-Mar-17");
INSERT INTO friends (userID1,userID2,JDate) VALUES (89,21,"08-Sep-17");
INSERT INTO friends (userID1,userID2,JDate) VALUES (67,66,"17-May-17");
INSERT INTO friends (userID1,userID2,JDate) VALUES (79,7,"28-Sep-17");
INSERT INTO friends (userID1,userID2,JDate) VALUES (93,58,"08-Jun-17");
INSERT INTO friends (userID1,userID2,JDate) VALUES (4,27,"01-May-17");
INSERT INTO friends (userID1,userID2,JDate) VALUES (32,25,"22-May-17");
INSERT INTO friends (userID1,userID2,JDate) VALUES (73,10,"06-Oct-17");
INSERT INTO friends (userID1,userID2,JDate) VALUES (69,80,"05-Jun-17");
INSERT INTO friends (userID1,userID2,JDate) VALUES (67,12,"14-Apr-17");
INSERT INTO friends (userID1,userID2,JDate) VALUES (49,57,"29-Nov-16");
INSERT INTO friends (userID1,userID2,JDate) VALUES (11,42,"27-Jan-17");
INSERT INTO friends (userID1,userID2,JDate) VALUES (26,3,"07-Jan-17");
INSERT INTO friends (userID1,userID2,JDate) VALUES (62,84,"14-Jul-17");
INSERT INTO friends (userID1,userID2,JDate) VALUES (29,66,"13-Jul-17");
INSERT INTO friends (userID1,userID2,JDate) VALUES (101,52,"02-Dec-16");
INSERT INTO friends (userID1,userID2,JDate) VALUES (58,38,"20-Jan-17");
INSERT INTO friends (userID1,userID2,JDate) VALUES (87,98,"07-Feb-17");
INSERT INTO friends (userID1,userID2,JDate) VALUES (12,75,"24-Aug-17");
INSERT INTO friends (userID1,userID2,JDate) VALUES (88,57,"03-Sep-17");
INSERT INTO friends (userID1,userID2,JDate) VALUES (12,46,"03-Jul-17");
INSERT INTO friends (userID1,userID2,JDate) VALUES (53,36,"05-Dec-16");
INSERT INTO friends (userID1,userID2,JDate) VALUES (96,81,"29-Sep-17");
INSERT INTO friends (userID1,userID2,JDate) VALUES (15,18,"10-Jul-17");
INSERT INTO friends (userID1,userID2,JDate) VALUES (10,58,"22-Apr-17");
INSERT INTO friends (userID1,userID2,JDate) VALUES (82,55,"23-Jun-17");
INSERT INTO friends (userID1,userID2,JDate) VALUES (20,32,"02-Aug-17");
INSERT INTO friends (userID1,userID2,JDate) VALUES (22,73,"21-Apr-17");
INSERT INTO friends (userID1,userID2,JDate) VALUES (53,50,"25-Jun-17");
INSERT INTO friends (userID1,userID2,JDate) VALUES (93,65,"09-Nov-17");
INSERT INTO friends (userID1,userID2,JDate) VALUES (36,4,"17-Jan-17");
INSERT INTO friends (userID1,userID2,JDate) VALUES (36,88,"25-May-17");
INSERT INTO friends (userID1,userID2,JDate) VALUES (95,50,"17-Oct-17");
INSERT INTO friends (userID1,userID2,JDate) VALUES (3,34,"28-Dec-16");
INSERT INTO friends (userID1,userID2,JDate) VALUES (48,20,"23-Apr-17");
INSERT INTO friends (userID1,userID2,JDate) VALUES (75,82,"10-Jul-17");
INSERT INTO friends (userID1,userID2,JDate) VALUES (29,100,"14-Dec-16");
INSERT INTO friends (userID1,userID2,JDate) VALUES (89,50,"02-Jan-17");
INSERT INTO friends (userID1,userID2,JDate) VALUES (23,92,"14-Apr-17");
INSERT INTO friends (userID1,userID2,JDate) VALUES (93,38,"20-Aug-17");
INSERT INTO friends (userID1,userID2,JDate) VALUES (13,11,"03-May-17");
INSERT INTO friends (userID1,userID2,JDate) VALUES (28,32,"29-Apr-17");
INSERT INTO friends (userID1,userID2,JDate) VALUES (25,80,"08-Jul-17");
INSERT INTO friends (userID1,userID2,JDate) VALUES (3,10,"09-Aug-17");
INSERT INTO friends (userID1,userID2,JDate) VALUES (6,11,"08-Jul-17");
INSERT INTO friends (userID1,userID2,JDate) VALUES (73,76,"07-Nov-17");
INSERT INTO friends (userID1,userID2,JDate) VALUES (52,58,"09-Oct-17");
INSERT INTO friends (userID1,userID2,JDate) VALUES (14,1,"20-Jun-17");
INSERT INTO friends (userID1,userID2,JDate) VALUES (46,97,"02-Jan-17");
INSERT INTO friends (userID1,userID2,JDate) VALUES (53,1,"08-Jan-17");
INSERT INTO friends (userID1,userID2,JDate) VALUES (37,58,"04-Apr-17");
INSERT INTO friends (userID1,userID2,JDate) VALUES (66,22,"11-Oct-17");
INSERT INTO friends (userID1,userID2,JDate) VALUES (51,35,"09-Jan-17");
INSERT INTO friends (userID1,userID2,JDate) VALUES (73,83,"04-Jul-17");
INSERT INTO friends (userID1,userID2,JDate) VALUES (65,42,"13-Nov-17");
INSERT INTO friends (userID1,userID2,JDate) VALUES (22,88,"16-Sep-17");
INSERT INTO friends (userID1,userID2,JDate) VALUES (71,5,"17-Jun-17");
INSERT INTO friends (userID1,userID2,JDate) VALUES (2,2,"10-Jan-17");
INSERT INTO friends (userID1,userID2,JDate) VALUES (101,62,"14-Jun-17");
INSERT INTO friends (userID1,userID2,JDate) VALUES (87,23,"27-Feb-17");
INSERT INTO friends (userID1,userID2,JDate) VALUES (41,61,"26-Dec-16");


-------------*********** 310 insert messages  ***********-----------------

------------Insert 50 messages from ODD userID to EVEN userID ---------------------------------

INSERT INTO messages (msgID,fromID,message,toGroupID,toUserID,dateSent) VALUES (1,2,'convallis, ante lectus convallis est, vitae sodales nisi magna sed dui. Fusce aliquam, enim nec tempus scelerisque, lorem',Null,1,'25-Jan-18');
INSERT INTO messages (msgID,fromID,message,toGroupID,toUserID,dateSent) VALUES (2,4,'purus. Duis elementum, dui',Null,3,'03-Apr-17');
INSERT INTO messages (msgID,fromID,message,toGroupID,toUserID,dateSent) VALUES (3,6,'semper auctor. Mauris vel turpis. Aliquam adipiscing lobortis risus. In mi pede,',Null,5,'18-Aug-17');
INSERT INTO messages (msgID,fromID,message,toGroupID,toUserID,dateSent) VALUES (4,8,'aliquam eu, accumsan sed, facilisis vitae, orci. Phasellus dapibus quam quis diam. Pellentesque habitant morbi tristique senectus et netus et malesuadaa',Null,7,'21-Nov-17');
INSERT INTO messages (msgID,fromID,message,toGroupID,toUserID,dateSent) VALUES (5,10,'vulputate eu, odio. Phasellus at augue id ante dictum cursus. Nunc mauris elit, dictum eu, eleifend nec, malesuada ut, sem. Nulla interdum. Curabitur dictum.',Null,9,'02-Jun-18');
INSERT INTO messages (msgID,fromID,message,toGroupID,toUserID,dateSent) VALUES (6,12,'in molestie tortor nibh sit amet orci. Ut sagittis lobortis mauris. Suspendisse aliquet molestie tellus. Aenean egestas ittis felis. Donec tempor,',Null,11,'28-Apr-18');
INSERT INTO messages (msgID,fromID,message,toGroupID,toUserID,dateSent) VALUES (7,14,'non, cursus non,',Null,13,'10-Jul-17');
INSERT INTO messages (msgID,fromID,message,toGroupID,toUserID,dateSent) VALUES (8,16,'sed dictum eleifend, nunc risus varius orci, in consequat enim diam vel arcu. Curabitur ut odio vel est tempor bibendum. Donec felis orci, adipiscing non,',Null,15,'20-Sep-17');
INSERT INTO messages (msgID,fromID,message,toGroupID,toUserID,dateSent) VALUES (9,18,'sapien. Nunc pulvinar arcu et pede. Nunc sed orci lobortis augue scelerisque mollis. Phasellus libero mauris, aliquam eu, accumsan sed, facilisis vitae, orci',Null,17,'25-Sep-17');
INSERT INTO messages (msgID,fromID,message,toGroupID,toUserID,dateSent) VALUES (10,20,'dui. Suspendisse ac metus vitae velit egestas lacinia. Sed congue, elit sed consequat auctor, nunc nulla vulputate dui, nec tempus mauris erat eget ipsum. Suspendisse sagittis.',Null,19,'17-Feb-18');
INSERT INTO messages (msgID,fromID,message,toGroupID,toUserID,dateSent) VALUES (11,22,'Suspendisse sagittis. Nullam vitae diam. Proin dolor. Nulla semper tellus id nunc interdum feugiat. Sed nec',Null,21,'07-Jun-17');
INSERT INTO messages (msgID,fromID,message,toGroupID,toUserID,dateSent) VALUES (12,24,'egestas. Aliquam nec enim. Nunc ut erat. Sed nunc est, mollis non, cursus non, egestas a, dui. Cras pellentesque. Sed',Null,23,'02-May-18');
INSERT INTO messages (msgID,fromID,message,toGroupID,toUserID,dateSent) VALUES (13,26,'volutpat ornare,',Null,25,'26-Jun-17');
INSERT INTO messages (msgID,fromID,message,toGroupID,toUserID,dateSent) VALUES (14,28,'blandit mattis. Cras eget nisi dictum augue malesuada malesuada. Integer id',Null,27,'20-Jun-17');
INSERT INTO messages (msgID,fromID,message,toGroupID,toUserID,dateSent) VALUES (15,30,'arcu iaculis enim, sit amet ornare',Null,29,'13-Jul-17');
INSERT INTO messages (msgID,fromID,message,toGroupID,toUserID,dateSent) VALUES (16,32,'ultrices, mauris ipsum porta elit, a feugiat tellus lorem eu metus. In lorem.',Null,31,'12-Jan-18');
INSERT INTO messages (msgID,fromID,message,toGroupID,toUserID,dateSent) VALUES (17,34,'Ut nec urna et arcu imperdiet ullamcorper. Duis',Null,33,'26-Jan-17');
INSERT INTO messages (msgID,fromID,message,toGroupID,toUserID,dateSent) VALUES (18,36,'parturient montes, nascetur ridiculus mus. Donec dignissim magna a tortor. Nunc commodo auctor velit. Aliquam',Null,35,'01-May-17');
INSERT INTO messages (msgID,fromID,message,toGroupID,toUserID,dateSent) VALUES (19,38,'est,',Null,37,'26-Apr-18');
INSERT INTO messages (msgID,fromID,message,toGroupID,toUserID,dateSent) VALUES (20,40,'non justo. Proin non',Null,39,'10-Dec-16');
INSERT INTO messages (msgID,fromID,message,toGroupID,toUserID,dateSent) VALUES (21,42,'sem egestas blandit. Nam nulla magna, malesuada vel, convallis in, cursus et, eros. Proin ultrices. Duis volutpat nunc',Null,41,'06-Oct-18');
INSERT INTO messages (msgID,fromID,message,toGroupID,toUserID,dateSent) VALUES (22,44,'at, iaculis quis, pede. Praesent eu dui. Cum sociis natoque penatibus',Null,43,'17-Apr-18');
INSERT INTO messages (msgID,fromID,message,toGroupID,toUserID,dateSent) VALUES (23,46,'ante dictum mi, ac mattis velit justo nec ante. Maecenas mi felis, adipiscing fringilla, porttitor vulputate, posuere v. Nunc sollicitudin',Null,45,'25-Feb-17');
INSERT INTO messages (msgID,fromID,message,toGroupID,toUserID,dateSent) VALUES (24,48,'eget odio. Aliquam vulputate ullamcorper magna. Sed eu eros. Nam',Null,47,'03-Sep-18');
INSERT INTO messages (msgID,fromID,message,toGroupID,toUserID,dateSent) VALUES (25,50,'sit amet nulla. Donec non justo. Proin non massa',Null,49,'28-Aug-17');
INSERT INTO messages (msgID,fromID,message,toGroupID,toUserID,dateSent) VALUES (26,52,'Morbi accumsan laoreet ipsum.',Null,51,'18-Apr-17');
INSERT INTO messages (msgID,fromID,message,toGroupID,toUserID,dateSent) VALUES (27,54,'ante. Vivamus non lorem vitae odio sagittis semper.',Null,53,'25-Jan-18');
INSERT INTO messages (msgID,fromID,message,toGroupID,toUserID,dateSent) VALUES (28,56,'ut mi. Duis risus odio, auctor vitae, aliquet nec, imperdiet nec, leo. Morbi neque tellus, imperdiet non, vestibulum nec, euismod in, dolor.',Null,55,'13-Jan-18');
INSERT INTO messages (msgID,fromID,message,toGroupID,toUserID,dateSent) VALUES (29,58,'sem molestie sodales. Mauris blandit enim consequat purus. Maecenas libero',Null,57,'24-Aug-18');
INSERT INTO messages (msgID,fromID,message,toGroupID,toUserID,dateSent) VALUES (30,60,'tellus. Phasellus elit pede, malesuada vel, venenatis vel, faucibus id, libero. Donec consectetuer mauris id sapien. Cras dolor dolor, tempus non, lacinia at, iaculis quis, ',Null,59,'30-Nov-16');
INSERT INTO messages (msgID,fromID,message,toGroupID,toUserID,dateSent) VALUES (31,62,'Nulla interdum. Curabitur dictum. Phasellus in felis. Nulla tempor augue ac ipsum. Phasellus vitae mauris sit amet lorem semper auctor. Mauris',Null,61,'21-Mar-18');
INSERT INTO messages (msgID,fromID,message,toGroupID,toUserID,dateSent) VALUES (32,64,'mauris erat eget ipsum. Suspendisse sagittis. Nullam vitae diam. Proin dolor. Nulla semper tellus id nunc interdum',Null,63,'13-Apr-18');
INSERT INTO messages (msgID,fromID,message,toGroupID,toUserID,dateSent) VALUES (33,66,'laoreet ipsum. Curabitur consequat, lectus sit amet luctus',Null,65,'26-Mar-18');
INSERT INTO messages (msgID,fromID,message,toGroupID,toUserID,dateSent) VALUES (34,68,'felis. Nulla tempor augue ac ipsum. Phasellus vitae mauris sit amet lorem semper auctor. Mauris vel',Null,67,'15-Sep-18');
INSERT INTO messages (msgID,fromID,message,toGroupID,toUserID,dateSent) VALUES (35,70,'nonummy ut, molestie',Null,69,'11-Sep-17');
INSERT INTO messages (msgID,fromID,message,toGroupID,toUserID,dateSent) VALUES (36,72,'sed tortor. Integer aliquam adipiscing lacus. Ut nec urna et arcu imperdiet ullamcorper. Duis at lacus. Quisque purus sapien, gravida',Null,71,'31-Jan-18');
INSERT INTO messages (msgID,fromID,message,toGroupID,toUserID,dateSent) VALUES (37,74,'enim.',Null,73,'12-Apr-18');
INSERT INTO messages (msgID,fromID,message,toGroupID,toUserID,dateSent) VALUES (38,76,'lorem, auctor quis, tristique ac, eleifend vitae, erat. Vivamus nisi. Mauris nulla. Integer urna. Vivamus molestie dapibus ligula. Aliquam erat volutpat.',Null,75,'21-Dec-16');
INSERT INTO messages (msgID,fromID,message,toGroupID,toUserID,dateSent) VALUES (39,78,'cursus purus. Nullam scelerisque neque sed sem egestas blandit. Nam nulla magna, malesuada',Null,77,'28-Apr-18');
INSERT INTO messages (msgID,fromID,message,toGroupID,toUserID,dateSent) VALUES (40,80,'Sed et libero. Proin mi. Aliquam gravida mauris ut mi. Duis risus odio, auctor vitae, aliquet nec, imperdiet nec, leo. Morbi neque tellus, imperdiet non,',Null,79,'06-Sep-18');
INSERT INTO messages (msgID,fromID,message,toGroupID,toUserID,dateSent) VALUES (41,82,'Mauris non dui nec urna suscipit nonummy. Fusce fermentum fermentum arcu. Vestibulum ante',Null,81,'09-Dec-17');
INSERT INTO messages (msgID,fromID,message,toGroupID,toUserID,dateSent) VALUES (42,84,'neque pellentesque massa lobortis ultrices. Vivamus rhoncus. Donec est. Nunc ullamcorper, velit in aliquet lobortis, nisi nibh lacinia orci, consectetuer euismod est arcu ac orci. Ut',Null,83,'21-Jun-17');
INSERT INTO messages (msgID,fromID,message,toGroupID,toUserID,dateSent) VALUES (43,86,'lacus pede sagittis augue, eu tempor erat neque non quam. Pellentesque habitant morbi tristique senectus et netus et malesuada fames ac turpis egestas. ',Null,85,'15-May-18');
INSERT INTO messages (msgID,fromID,message,toGroupID,toUserID,dateSent) VALUES (44,88,'In nec orci. Donec nibh. Quisque nonummy ipsum non arcu. Vivamus sit amet risus. Donec egestas. Aliquam nec enim. Nunc ut erat. Sed nunc est, mollis non, cursus non, egestas',Null,87,'23-Sep-18');
INSERT INTO messages (msgID,fromID,message,toGroupID,toUserID,dateSent) VALUES (45,90,'Curae; Phasellus ornare. Fusce mollis. Duis sit amet diam eu dolor egestas rhoncus. Proin nisl sem, consequat nec, mollis vitae,',Null,89,'14-Jan-18');
INSERT INTO messages (msgID,fromID,message,toGroupID,toUserID,dateSent) VALUES (46,92,'sollicitudin adipiscing ligula. Aenean gravida nunc sed pede. Cum sociis natoque penatibus et magnis dis parturient montes, nascetur ridiculus mus. Proin vel arcu eu odio tristique',Null,91,'13-Sep-18');
INSERT INTO messages (msgID,fromID,message,toGroupID,toUserID,dateSent) VALUES (47,94,'sem ut dolor dapibus gravida. Aliquam tincidunt, nunc ac mattis ornare, lectus ante dictum mi, ac mattis velit justo nec ante. Maecenas mi felis,',Null,93,'13-Dec-17');
INSERT INTO messages (msgID,fromID,message,toGroupID,toUserID,dateSent) VALUES (48,96,'Mauris eu turpis. Nulla aliquet. Proin velit. Sed malesuada augue ut lacus. Nulla tincidunt, neque vitae semper egestas, urna justo faucibus lectus,',Null,95,'14-Aug-18');
INSERT INTO messages (msgID,fromID,message,toGroupID,toUserID,dateSent) VALUES (49,98,'Cras pellentesque. Sed dictum. Proin eget odio. Aliquam vulputate ullamcorper magna. Sed eu eros. Nam consequat dolor vitae dolor. Donec fringilla. Donec feugiat metus sit amet ante.',Null,97,'15-Jun-17');
INSERT INTO messages (msgID,fromID,message,toGroupID,toUserID,dateSent) VALUES (50,100,'ligula.',Null,99,'28-Feb-18');


--------------- 99 messages from 1 to 2, 2 to 3, 3 to 4 .... 99 to 100 -------------------
INSERT INTO messages (msgID,fromID,message,toGroupID,toUserID,dateSent) VALUES (51,1,'id, mollis nec, cursus a, enim. Suspendisse aliquet, sem ut cursus luctus, ipsum leo elementum sem, vitae aliquam eros turpis',Null,2,'12-Sep-17');
INSERT INTO messages (msgID,fromID,message,toGroupID,toUserID,dateSent) VALUES (52,2,'Curabitur sed tortor. Integer aliquam adipiscing lacus. Ut nec urna et arcu imperdiet ullamcorper. Duis at lacus. Quisque purus sapien, gravida non, sollicitudin a, malesuada id, erat.',Null,3,'20-Jul-18');
INSERT INTO messages (msgID,fromID,message,toGroupID,toUserID,dateSent) VALUES (53,3,'et ultrices posuere cubilia Curae; Donec tincidunt. Donec vitae erat vel pede blandit congue. In scelerisque scelerisque dui. Suspendisse',Null,4,'06-Sep-17');
INSERT INTO messages (msgID,fromID,message,toGroupID,toUserID,dateSent) VALUES (54,4,'erat vel pede blandit congue. In scelerisque scelerisque dui. Suspendisse ac metus vitae velit egestas lacinia. Sed',Null,5,'30-Jun-17');
INSERT INTO messages (msgID,fromID,message,toGroupID,toUserID,dateSent) VALUES (55,5,'augue ac ipsum. Phasellus vitae mauris sit amet lorem semper auctor. Mauris vel turpis. Aliquam adipiscing lobortis',Null,6,'25-May-18');
INSERT INTO messages (msgID,fromID,message,toGroupID,toUserID,dateSent) VALUES (56,6,'luctus vulputate, nisi sem semper erat, in consectetuer ipsum nunc id enim. Curabitur massa. Vestibulum accumsan neque et nunc. Quisque ornare tortor at risus. Nunc',Null,7,'01-May-18');
INSERT INTO messages (msgID,fromID,message,toGroupID,toUserID,dateSent) VALUES (57,7,'lectus quis massa. Mauris vestibulum, neque sed dictum eleifend, nunc risus varius orci, in consequat enim diam vel arcu. Curabitur ut odio vel est tempor bibendum.',Null,8,'10-Sep-18');
INSERT INTO messages (msgID,fromID,message,toGroupID,toUserID,dateSent) VALUES (58,8,'Nunc ac sem',Null,9,'27-Aug-18');
INSERT INTO messages (msgID,fromID,message,toGroupID,toUserID,dateSent) VALUES (59,9,'sagittis. Nullam vitae diam. Proin dolor. Nulla semper tellus id nunc',Null,10,'04-Apr-18');
INSERT INTO messages (msgID,fromID,message,toGroupID,toUserID,dateSent) VALUES (60,10,'Sed molestie. Sed id risus quis diam luctus lobortis. Class aptent',Null,11,'22-May-17');
INSERT INTO messages (msgID,fromID,message,toGroupID,toUserID,dateSent) VALUES (61,11,'adipiscing lobortis risus. In mi pede, nonummy ut, molestie in, tempus eu, ligula. Aenean euismod mauris eu elit. Nulla facilisi. Sed neque.',Null,12,'15-Jun-17');
INSERT INTO messages (msgID,fromID,message,toGroupID,toUserID,dateSent) VALUES (62,12,'Duis risus odio, auctor vitae, aliquet nec, imperdiet nec, leo. Morbi neque tellus, imperdiet non, vestibulum nec, euismod in, dolor. Fusce',Null,13,'05-Jul-17');
INSERT INTO messages (msgID,fromID,message,toGroupID,toUserID,dateSent) VALUES (63,13,'aliquam eu, accumsan sed, facilisis vitae, orci. Phasellus dapibus',Null,14,'25-Jan-18');
INSERT INTO messages (msgID,fromID,message,toGroupID,toUserID,dateSent) VALUES (64,14,'vitae erat vel pede blandit congue. In scelerisque scelerisque dui. Suspendisse ac metus',Null,15,'05-Dec-16');
INSERT INTO messages (msgID,fromID,message,toGroupID,toUserID,dateSent) VALUES (65,15,'posuere, enim nisl elementum purus, accumsan interdum',Null,16,'12-Jan-17');
INSERT INTO messages (msgID,fromID,message,toGroupID,toUserID,dateSent) VALUES (66,16,'Proin nisl sem, consequat nec, mollis vitae, posuere at, velit. Cras lorem lorem, luctus ut, pellentesque',Null,17,'25-Dec-16');
INSERT INTO messages (msgID,fromID,message,toGroupID,toUserID,dateSent) VALUES (67,17,'Donec tempor, est ac mattis semper, dui lectus rutrum urna, nec luctus felis',Null,18,'03-Dec-17');
INSERT INTO messages (msgID,fromID,message,toGroupID,toUserID,dateSent) VALUES (68,18,'ornare placerat,',Null,19,'30-Nov-16');
INSERT INTO messages (msgID,fromID,message,toGroupID,toUserID,dateSent) VALUES (69,19,'commodo ipsum. Suspendisse non leo. Vivamus nibh',Null,20,'16-Jun-17');
INSERT INTO messages (msgID,fromID,message,toGroupID,toUserID,dateSent) VALUES (70,20,'risus. In mi pede, nonummy ut, molestie in, tempus eu, ligula. Aenean euismod mauris eu elit. Nulla facilisi. Sed',Null,21,'30-Jun-18');
INSERT INTO messages (msgID,fromID,message,toGroupID,toUserID,dateSent) VALUES (71,21,'Duis cursus, diam at pretium aliquet, metus urna convallis erat, eget tincidunt dui augue eu tellus. Phasellus elit pede, malesuada vel, venenatis vel, faucibus id, libero. Donec consectetuer',Null,22,'30-Apr-17');
INSERT INTO messages (msgID,fromID,message,toGroupID,toUserID,dateSent) VALUES (72,22,'lectus, a sollicitudin orci sem eget massa. Suspendisse eleifend. Cras sed leo. Cras vehicula aliquet libero. Integer in magna. Phasellus',Null,23,'05-Feb-18');
INSERT INTO messages (msgID,fromID,message,toGroupID,toUserID,dateSent) VALUES (73,23,'neque. Nullam nisl. Maecenas malesuada fringilla est. Mauris eu turpis. Nulla aliquet. Proin velit. Sed malesuada augue',Null,24,'18-Dec-16');
INSERT INTO messages (msgID,fromID,message,toGroupID,toUserID,dateSent) VALUES (74,24,'lacus. Mauris non dui nec urna suscipit nonummy. Fusce fermentum fermentum arcu. Vestibulum ante ipsum primis',Null,25,'09-May-18');
INSERT INTO messages (msgID,fromID,message,toGroupID,toUserID,dateSent) VALUES (75,25,'tincidunt adipiscing. Mauris molestie pharetra nibh. Aliquam ornare, libero at auctor',Null,26,'05-Sep-17');
INSERT INTO messages (msgID,fromID,message,toGroupID,toUserID,dateSent) VALUES (76,26,'nisl sem, consequat nec, mollis vitae,',Null,27,'09-Oct-17');
INSERT INTO messages (msgID,fromID,message,toGroupID,toUserID,dateSent) VALUES (77,27,'dui, semper et, lacinia',Null,28,'18-Mar-18');
INSERT INTO messages (msgID,fromID,message,toGroupID,toUserID,dateSent) VALUES (78,28,'auctor,',Null,29,'24-Jul-17');
INSERT INTO messages (msgID,fromID,message,toGroupID,toUserID,dateSent) VALUES (79,29,'mauris sit amet lorem semper auctor. Mauris vel turpis. Aliquam adipiscing lobortis',Null,30,'16-Aug-17');
INSERT INTO messages (msgID,fromID,message,toGroupID,toUserID,dateSent) VALUES (80,30,'nec ligula consectetuer rhoncus. Nullam velit',Null,31,'26-Dec-16');
INSERT INTO messages (msgID,fromID,message,toGroupID,toUserID,dateSent) VALUES (81,31,'Sed dictum. Proin eget odio. Aliquam vulputate ullamcorper magna. Sed eu eros.',Null,32,'30-Mar-18');
INSERT INTO messages (msgID,fromID,message,toGroupID,toUserID,dateSent) VALUES (82,32,'nulla magna, malesuada vel, convallis in, cursus et, eros. Proin ultrices. Duis volutpat nunc sit amet metus. Aliquam erat volutpat. Nulla facilisis. Suspendisse commodo',Null,33,'19-May-17');
INSERT INTO messages (msgID,fromID,message,toGroupID,toUserID,dateSent) VALUES (83,33,'dolor, nonummy ac, feugiat non, lobortis quis, pede. Suspendisse dui. Fusce diam nunc, ullamcorper eu, euismod ac, fermentum vel, mauris. Integer sem elit, pharetra ut, pharetra',Null,34,'12-Feb-18');
INSERT INTO messages (msgID,fromID,message,toGroupID,toUserID,dateSent) VALUES (84,34,'molestie tellus. Aenean egestas hendrerit neque. In ornare sagittis',Null,35,'16-Aug-17');
INSERT INTO messages (msgID,fromID,message,toGroupID,toUserID,dateSent) VALUES (85,35,'euismod in, dolor. Fusce feugiat. Lorem ipsum dolor sit',Null,36,'30-May-17');
INSERT INTO messages (msgID,fromID,message,toGroupID,toUserID,dateSent) VALUES (86,36,'scelerisque sed, sapien.',Null,37,'25-Jul-17');
INSERT INTO messages (msgID,fromID,message,toGroupID,toUserID,dateSent) VALUES (87,37,'orci tincidunt adipiscing. Mauris molestie pharetra nibh. Aliquam ornare, libero at auctor ullamcorper, nisl arcu iaculis enim, sit amet ornare lectus justo eu arcu. Morbi sit amet massa. Quisque',Null,38,'21-Aug-17');
INSERT INTO messages (msgID,fromID,message,toGroupID,toUserID,dateSent) VALUES (88,38,'dictum ultricies ligula. Nullam enim. Sed nulla ante, iaculis nec, eleifend non, dapibus rutrum, justo. Praesent luctus. Curabitur egestas nunc sed libero. Proin sed turpis nec mauris bl',Null,39,'15-Nov-17');
INSERT INTO messages (msgID,fromID,message,toGroupID,toUserID,dateSent) VALUES (89,39,'facilisis. Suspendisse commodo tincidunt nibh. Phasellus nulla. Integer vulputate, risus a ultricies adipiscing, enim',Null,40,'19-Nov-17');
INSERT INTO messages (msgID,fromID,message,toGroupID,toUserID,dateSent) VALUES (90,40,'risus. In mi pede, nonummy ut, molestie in, tempus eu, ligula. Aenean euismod mauris eu elit. Nulla facilisi.',Null,41,'28-Mar-17');
INSERT INTO messages (msgID,fromID,message,toGroupID,toUserID,dateSent) VALUES (91,41,'et ultrices posuere cubilia Curae; Donec tincidunt. Donec vitae erat vel pede blandit congue. In scelerisque scelerisque dui. Suspendisse ac metus vitae velit egestas lacinia. Sed congue,',Null,42,'24-Nov-16');
INSERT INTO messages (msgID,fromID,message,toGroupID,toUserID,dateSent) VALUES (92,42,'felis purus ac tellus. Suspendisse sed dolor. Fusce mi lorem, vehicula et, rutrum eu, ultrices',Null,43,'07-Apr-18');
INSERT INTO messages (msgID,fromID,message,toGroupID,toUserID,dateSent) VALUES (93,43,'Praesent interdum ligula eu enim. Etiam imperdiet',Null,44,'10-Dec-16');
INSERT INTO messages (msgID,fromID,message,toGroupID,toUserID,dateSent) VALUES (94,44,'aliquet odio. Etiam ligula tortor, dictum eu, placerat eget, venenatis a, magna. Lorem ipsum dolor sit amet, consectetuer adipiscing elit. Etiam laoreet, libero et tristique pellentesque',Null,45,'08-Nov-17');
INSERT INTO messages (msgID,fromID,message,toGroupID,toUserID,dateSent) VALUES (95,45,'dolor sit amet, consectetuer adipiscing elit. Etiam',Null,46,'26-Jun-17');
INSERT INTO messages (msgID,fromID,message,toGroupID,toUserID,dateSent) VALUES (96,46,'lorem ut aliquam iaculis, lacus pede sagittis augue, eu tempor erat neque non quam. Pellentesque',Null,47,'22-Jul-17');
INSERT INTO messages (msgID,fromID,message,toGroupID,toUserID,dateSent) VALUES (97,47,'ornare. Fusce mollis. Duis sit amet diam eu dolor egestas rhoncus. Proin nisl sem, consequat nec, mollis vitae, posuere at, velit. Cras lorem lorem, luctus ut, pellentesque',Null,48,'18-Mar-17');
INSERT INTO messages (msgID,fromID,message,toGroupID,toUserID,dateSent) VALUES (98,48,'tincidunt aliquam arcu. Aliquam ultrices iaculis odio. Nam interdum enim non nisi. Aenean eget metus. In nec orci. Donec',Null,49,'07-Dec-17');
INSERT INTO messages (msgID,fromID,message,toGroupID,toUserID,dateSent) VALUES (99,49,'neque sed sem egestas blandit. Nam nulla magna, malesuada vel, convallis in, cursus et, eros. Proin ultrices. Duis volutpat nunc sit amet metus. Aliquam erat volutpat. Nulla facilisis. Suspendisse',Null,50,'25-Sep-17');
INSERT INTO messages (msgID,fromID,message,toGroupID,toUserID,dateSent) VALUES (100,50,'arcu vel quam dignissim pharetra. Nam ac nulla. In tincidunt congue turpis. In condimentum.',Null,51,'14-Feb-18');
INSERT INTO messages (msgID,fromID,message,toGroupID,toUserID,dateSent) VALUES (101,51,'hendrerit id, ante. Nunc mauris sapien, cursus in, hendrerit consectetuer, cursus et, magna. Praesent interdum ligula eu enim. Etiam imperdiet dictum magna. Ut tincidunt',Null,52,'07-Apr-18');
INSERT INTO messages (msgID,fromID,message,toGroupID,toUserID,dateSent) VALUES (102,52,'Nunc mauris. Morbi non sapien molestie orci tincidunt adipiscing. Mauris molestie pharetra nibh. Aliquam ornare, libero at auctor ullamcorper, nisl arcu iaculis enim, sit amet ornare lectus justo',Null,53,'29-Jul-17');
INSERT INTO messages (msgID,fromID,message,toGroupID,toUserID,dateSent) VALUES (103,53,'Donec felis orci, adipiscing non, luctus',Null,54,'05-Jun-18');
INSERT INTO messages (msgID,fromID,message,toGroupID,toUserID,dateSent) VALUES (104,54,'facilisi. Sed neque. Sed eget lacus. Mauris',Null,55,'03-Feb-17');
INSERT INTO messages (msgID,fromID,message,toGroupID,toUserID,dateSent) VALUES (105,55,'mus. Proin vel nisl. Quisque fringilla euismod enim. Etiam gravida',Null,56,'04-Jul-18');
INSERT INTO messages (msgID,fromID,message,toGroupID,toUserID,dateSent) VALUES (106,56,'orci. Donec nibh. Quisque nonummy ipsum non arcu. Vivamus sit amet risus. Donec egestas. Aliquam nec enim. Nunc ut erat. Sed nunc est, mollis non, cursus',Null,57,'12-Mar-18');
INSERT INTO messages (msgID,fromID,message,toGroupID,toUserID,dateSent) VALUES (107,57,'per inceptos hymenaeos. Mauris ut quam vel sapien imperdiet ornare. In faucibus. Morbi vehicula. Pellentesque tincidunt',Null,58,'23-Aug-17');
INSERT INTO messages (msgID,fromID,message,toGroupID,toUserID,dateSent) VALUES (108,58,'nec ante. Maecenas mi felis, adipiscing fringilla, porttitor vulputate, posuere',Null,59,'19-Dec-16');
INSERT INTO messages (msgID,fromID,message,toGroupID,toUserID,dateSent) VALUES (109,59,'velit. Cras lorem lorem, luctus ut,',Null,60,'29-Aug-18');
INSERT INTO messages (msgID,fromID,message,toGroupID,toUserID,dateSent) VALUES (110,60,'nibh. Quisque nonummy ipsum non arcu. Vivamus sit amet risus. Donec egestas. Aliquam nec enim. Nunc ut erat. Sed nunc est, mollis non, cursus non, egestas a, dui. Cras',Null,61,'13-Feb-18');
INSERT INTO messages (msgID,fromID,message,toGroupID,toUserID,dateSent) VALUES (111,61,'laoreet ipsum. Curabitur consequat, lectus sit amet luctus vulputate, nisi sem semper erat,',Null,62,'11-Nov-18');
INSERT INTO messages (msgID,fromID,message,toGroupID,toUserID,dateSent) VALUES (112,62,'metus urna convallis erat,',Null,63,'28-Apr-18');
INSERT INTO messages (msgID,fromID,message,toGroupID,toUserID,dateSent) VALUES (113,63,'et, lacinia vitae, sodales at, velit. Pellentesque ultricies',Null,64,'02-Dec-16');
INSERT INTO messages (msgID,fromID,message,toGroupID,toUserID,dateSent) VALUES (114,64,'gravida. Praesent eu nulla at sem molestie sodales. Mauris blandit enim consequat purus. Maecenas libero est, congue a, aliquet vel, vulputate eu,',Null,65,'02-Nov-18');
INSERT INTO messages (msgID,fromID,message,toGroupID,toUserID,dateSent) VALUES (115,65,'tristique pellentesque, tellus sem mollis dui, in sodales elit erat vitae risus. Duis a mi fringilla mi lacinia mattis. Integer eu lacus. Quisque imperdiet, erat nonummy',Null,66,'21-Jul-17');
INSERT INTO messages (msgID,fromID,message,toGroupID,toUserID,dateSent) VALUES (116,66,'facilisis, magna tellus faucibus leo, in lobortis tellus justo sit amet nulla. Donec non justo. Proin non massa non ante',Null,67,'19-May-18');
INSERT INTO messages (msgID,fromID,message,toGroupID,toUserID,dateSent) VALUES (117,67,'congue. In scelerisque scelerisque dui. Suspendisse ac metus vitae velit egestas lacinia. Sed congue, elit sed consequat auctor, nunc nulla vulputate dui, nec tempus',Null,68,'03-Dec-17');
INSERT INTO messages (msgID,fromID,message,toGroupID,toUserID,dateSent) VALUES (118,68,'Aliquam adipiscing lobortis risus. In mi pede, nonummy ut, molestie in, tempus eu, ligula. Aenean euismod mauris eu elit. Nulla facilisi.',Null,69,'27-Sep-17');
INSERT INTO messages (msgID,fromID,message,toGroupID,toUserID,dateSent) VALUES (119,69,'ut aliquam iaculis, lacus pede',Null,70,'26-Apr-18');
INSERT INTO messages (msgID,fromID,message,toGroupID,toUserID,dateSent) VALUES (120,70,'egestas blandit. Nam nulla magna, malesuada vel, convallis in, cursus et, eros. Proin ultrices. Duis volutpat nunc sit amet metus. Aliquam erat volutpat. Nulla facilisis. Suspendisse',Null,71,'31-Jan-18');
INSERT INTO messages (msgID,fromID,message,toGroupID,toUserID,dateSent) VALUES (121,71,'euismod est arcu ac orci. Ut semper',Null,72,'16-Sep-17');
INSERT INTO messages (msgID,fromID,message,toGroupID,toUserID,dateSent) VALUES (122,72,'sollicitudin commodo ipsum. Suspendisse non leo. Vivamus nibh',Null,73,'29-Oct-17');
INSERT INTO messages (msgID,fromID,message,toGroupID,toUserID,dateSent) VALUES (123,73,'libero est, congue a, aliquet vel, vulputate eu, odio. Phasellus at augue id ante dictum cursus. Nunc mauris elit, dictum',Null,74,'11-Nov-17');
INSERT INTO messages (msgID,fromID,message,toGroupID,toUserID,dateSent) VALUES (124,74,'tellus sem mollis dui, in sodales elit erat',Null,75,'09-May-18');
INSERT INTO messages (msgID,fromID,message,toGroupID,toUserID,dateSent) VALUES (125,75,'dolor.',Null,76,'27-Jun-17');
INSERT INTO messages (msgID,fromID,message,toGroupID,toUserID,dateSent) VALUES (126,76,'orci. Phasellus dapibus quam quis diam. Pellentesque habitant morbi tristique senectus et netus et malesuada fames ac turpis egestas. Fusce aliquet magna a neque. Nullam ut nisi',Null,77,'03-Mar-18');
INSERT INTO messages (msgID,fromID,message,toGroupID,toUserID,dateSent) VALUES (127,77,'justo nec ante. Maecenas mi',Null,78,'27-Dec-17');
INSERT INTO messages (msgID,fromID,message,toGroupID,toUserID,dateSent) VALUES (128,78,'arcu. Morbi sit amet massa. Quisque',Null,79,'26-Dec-16');
INSERT INTO messages (msgID,fromID,message,toGroupID,toUserID,dateSent) VALUES (129,79,'consequat dolor vitae dolor. Donec',Null,80,'26-Feb-17');
INSERT INTO messages (msgID,fromID,message,toGroupID,toUserID,dateSent) VALUES (130,80,'Sed eget lacus. Mauris non dui nec urna suscipit nonummy. Fusce fermentum fermentum arcu. Vestibulum ante ipsum primis in faucibus orci luctus et ultrices posuere cubilia Curae;',Null,81,'02-May-17');
INSERT INTO messages (msgID,fromID,message,toGroupID,toUserID,dateSent) VALUES (131,81,'non arcu. Vivamus sit amet risus. Donec egestas. Aliquam nec enim. Nunc ut erat. Sed nunc est, mollis non,',Null,82,'25-Aug-17');
INSERT INTO messages (msgID,fromID,message,toGroupID,toUserID,dateSent) VALUES (132,82,'Ut tincidunt vehicula risus. Nulla eget metus eu erat semper rutrum. Fusce dolor quam, elementum at, egestas a,',Null,83,'02-Dec-17');
INSERT INTO messages (msgID,fromID,message,toGroupID,toUserID,dateSent) VALUES (133,83,'natoque penatibus et magnis dis parturient',Null,84,'27-May-17');
INSERT INTO messages (msgID,fromID,message,toGroupID,toUserID,dateSent) VALUES (134,84,'eu, accumsan sed, facilisis vitae, orci. Phasellus dapibus quam quis diam. Pellentesque habitant morbi tristique senectus et netus et malesuada fames ac turpis egestas.',Null,85,'29-Aug-18');
INSERT INTO messages (msgID,fromID,message,toGroupID,toUserID,dateSent) VALUES (135,85,'massa. Mauris vestibulum, neque sed dictum',Null,86,'02-Sep-17');
INSERT INTO messages (msgID,fromID,message,toGroupID,toUserID,dateSent) VALUES (136,86,'fames ac turpis egestas. Fusce aliquet magna',Null,87,'19-Aug-18');
INSERT INTO messages (msgID,fromID,message,toGroupID,toUserID,dateSent) VALUES (137,87,'adipiscing non, luctus sit amet, faucibus ut, nulla. Cras eu tellus eu augue porttitor interdum. Sed auctor odio a purus.',Null,88,'23-May-18');
INSERT INTO messages (msgID,fromID,message,toGroupID,toUserID,dateSent) VALUES (138,88,'faucibus orci luctus et ultrices posuere cubilia Curae; Phasellus ornare. Fusce mollis. Duis sit amet diam',Null,89,'26-Oct-17');
INSERT INTO messages (msgID,fromID,message,toGroupID,toUserID,dateSent) VALUES (139,89,'mus. Proin vel nisl. Quisque fringilla euismod enim. Etiam gravida molestie arcu. Sed eu nibh vulputate',Null,90,'04-Dec-17');
INSERT INTO messages (msgID,fromID,message,toGroupID,toUserID,dateSent) VALUES (140,90,'facilisis vitae, orci. Phasellus dapibus quam quis diam. Pellentesque habitant morbi tristique senectus et netus et',Null,91,'03-Nov-18');
INSERT INTO messages (msgID,fromID,message,toGroupID,toUserID,dateSent) VALUES (141,91,'senectus et netus et malesuada fames ac turpis egestas. Aliquam fringilla cursus purus. Nullam scelerisque neque sed sem egestas blandit. Nam nulla magna, malesuada vel, convallis in, cursus',Null,92,'17-Jan-17');
INSERT INTO messages (msgID,fromID,message,toGroupID,toUserID,dateSent) VALUES (142,92,'Mauris ut quam vel sapien imperdiet ornare. In faucibus. Morbi vehicula. Pellentesque tincidunt tempus risus. Donec egestas. Duis ac arcu. Nunc mauris. Morbi non',Null,93,'30-Apr-18');
INSERT INTO messages (msgID,fromID,message,toGroupID,toUserID,dateSent) VALUES (143,93,'ullamcorper. Duis cursus, diam at pretium aliquet, metus urna convallis erat, eget tincidunt dui augue eu tellus. Phasellus elit pede, malesuada vel,',Null,94,'14-Sep-18');
INSERT INTO messages (msgID,fromID,message,toGroupID,toUserID,dateSent) VALUES (144,94,'mus. Donec dignissim magna a tortor. Nunc commodo auctor velit. Aliquam nisl. Nulla eu neque pellentesque massa lobortis',Null,95,'12-Sep-17');
INSERT INTO messages (msgID,fromID,message,toGroupID,toUserID,dateSent) VALUES (145,95,'tortor. Integer aliquam adipiscing lacus. Ut nec urna et arcu imperdiet ullamcorper.',Null,96,'12-Dec-16');
INSERT INTO messages (msgID,fromID,message,toGroupID,toUserID,dateSent) VALUES (146,96,'faucibus lectus, a sollicitudin orci sem eget massa. Suspendisse eleifend. Cras sed leo. Cras vehicula',Null,97,'09-Mar-17');
INSERT INTO messages (msgID,fromID,message,toGroupID,toUserID,dateSent) VALUES (147,97,'luctus sit amet, faucibus ut, nulla. Cras eu tellus eu',Null,98,'20-Aug-18');
INSERT INTO messages (msgID,fromID,message,toGroupID,toUserID,dateSent) VALUES (148,98,'nec, eleifend non, dapibus rutrum, justo. Praesent luctus. Curabitur egestas nunc sed libero. Proin sed turpis nec mauris blandit mattis. Cras eget nisi',Null,99,'11-Sep-17');
INSERT INTO messages (msgID,fromID,message,toGroupID,toUserID,dateSent) VALUES (149,99,'non',Null,100,'12-Jun-18');


------------------- 99 messages 2 to 1 , 3 to 2 .... 100 to 99 ---------------------
INSERT INTO messages (msgID,fromID,message,toGroupID,toUserID,dateSent) VALUES (150,2,'auctor. Mauris vel turpis. Aliquam adipiscing lobortis risus. In mi pede, nonummy ut, molestie',Null,1,'20-Mar-17');
INSERT INTO messages (msgID,fromID,message,toGroupID,toUserID,dateSent) VALUES (151,3,'tortor at risus. Nunc ac sem ut dolor dapibus gravida. Aliquam tincidunt, nunc ac mattis ornare, lectus ante dictum mi, ac mattis velit justo nec',Null,2,'01-Aug-18');
INSERT INTO messages (msgID,fromID,message,toGroupID,toUserID,dateSent) VALUES (152,4,'dui. Suspendisse ac metus vitae velit egestas lacinia. Sed congue,',Null,3,'09-Oct-17');
INSERT INTO messages (msgID,fromID,message,toGroupID,toUserID,dateSent) VALUES (153,5,'consectetuer adipiscing elit. Curabitur sed tortor. Integer aliquam adipiscing lacus. Ut nec urna et',Null,4,'29-May-17');
INSERT INTO messages (msgID,fromID,message,toGroupID,toUserID,dateSent) VALUES (154,6,'Cras eu tellus eu augue porttitor interdum. Sed auctor odio a purus. Duis elementum, dui quis accumsan',Null,5,'25-Aug-17');
INSERT INTO messages (msgID,fromID,message,toGroupID,toUserID,dateSent) VALUES (155,7,'egestas lacinia. Sed congue, elit sed consequat auctor, nunc nulla vulputate dui, nec tempus mauris erat eget ipsum. Suspendisse',Null,6,'16-Oct-18');
INSERT INTO messages (msgID,fromID,message,toGroupID,toUserID,dateSent) VALUES (156,8,'non ante bibendum',Null,7,'13-Mar-18');
INSERT INTO messages (msgID,fromID,message,toGroupID,toUserID,dateSent) VALUES (157,9,'consequat enim diam vel arcu. Curabitur ut odio vel est tempor bibendum. Donec felis orci, adipiscing non, luctus sit amet, faucibus ut, nulla. Cras',Null,8,'05-Oct-18');
INSERT INTO messages (msgID,fromID,message,toGroupID,toUserID,dateSent) VALUES (158,10,'nec metus facilisis lorem tristique aliquet. Phasellus fermentum',Null,9,'22-Jan-18');
INSERT INTO messages (msgID,fromID,message,toGroupID,toUserID,dateSent) VALUES (159,11,'mi. Aliquam',Null,10,'09-May-17');
INSERT INTO messages (msgID,fromID,message,toGroupID,toUserID,dateSent) VALUES (160,12,'neque. Nullam nisl. Maecenas malesuada fringilla est. Mauris eu turpis. Nulla aliquet. Proin velit. Sed malesuada augue ut lacus. Nulla tincidunt, neque vitae semper egestas,',Null,11,'24-Jun-18');
INSERT INTO messages (msgID,fromID,message,toGroupID,toUserID,dateSent) VALUES (161,13,'facilisis, magna tellus faucibus',Null,12,'15-Feb-17');
INSERT INTO messages (msgID,fromID,message,toGroupID,toUserID,dateSent) VALUES (162,14,'ante blandit viverra. Donec tempus, lorem',Null,13,'11-Dec-17');
INSERT INTO messages (msgID,fromID,message,toGroupID,toUserID,dateSent) VALUES (163,15,'Donec fringilla. Donec feugiat metus sit amet ante. Vivamus non lorem vitae odio sagittis semper. Nam tempor diam dictum sapien. Aenean massa. Integer',Null,14,'02-Dec-16');
INSERT INTO messages (msgID,fromID,message,toGroupID,toUserID,dateSent) VALUES (164,16,'neque.',Null,15,'07-May-17');
INSERT INTO messages (msgID,fromID,message,toGroupID,toUserID,dateSent) VALUES (165,17,'ac arcu. Nunc mauris. Morbi non sapien molestie orci tincidunt adipiscing. Mauris molestie pharetra nibh. Aliquam ornare,',Null,16,'31-Oct-18');
INSERT INTO messages (msgID,fromID,message,toGroupID,toUserID,dateSent) VALUES (166,18,'ultrices. Vivamus rhoncus. Donec est.',Null,17,'06-Apr-17');
INSERT INTO messages (msgID,fromID,message,toGroupID,toUserID,dateSent) VALUES (167,19,'fermentum convallis ligula. Donec luctus aliquet odio. Etiam ligula tortor, dictum eu, placerat eget, venenatis a, magna. Lorem ipsum dolor sit amet, consectetuer adipiscing elit. ',Null,18,'23-Oct-18');
INSERT INTO messages (msgID,fromID,message,toGroupID,toUserID,dateSent) VALUES (168,20,'a, enim. Suspendisse aliquet, sem ut cursus luctus, ipsum leo elementum sem, vitae aliquam eros turpis',Null,19,'14-Dec-16');
INSERT INTO messages (msgID,fromID,message,toGroupID,toUserID,dateSent) VALUES (169,21,'vitae aliquam eros turpis non enim. Mauris quis',Null,20,'26-Aug-18');
INSERT INTO messages (msgID,fromID,message,toGroupID,toUserID,dateSent) VALUES (170,22,'gravida nunc sed pede. Cum sociis natoque penatibus et magnis dis parturient montes, nascetur',Null,21,'01-Sep-18');
INSERT INTO messages (msgID,fromID,message,toGroupID,toUserID,dateSent) VALUES (171,23,'ante. Nunc mauris sapien, cursus in, hendrerit consectetuer, cursus et, magna. Praesent interdum ligula eu enim. Etiam',Null,22,'05-Dec-17');
INSERT INTO messages (msgID,fromID,message,toGroupID,toUserID,dateSent) VALUES (172,24,'eget tincidunt dui augue eu tellus. Phasellus',Null,23,'01-Jun-17');
INSERT INTO messages (msgID,fromID,message,toGroupID,toUserID,dateSent) VALUES (173,25,'mi pede, nonummy ut, molestie in, tempus eu, ligula.',Null,24,'03-Feb-17');
INSERT INTO messages (msgID,fromID,message,toGroupID,toUserID,dateSent) VALUES (174,26,'sed, facilisis vitae, orci. Phasellus dapibus quam quis diam. Pellentesque habitant morbi tristique senectus et netus et malesuada fames ac turpis egestas. Fusce aliquet',Null,25,'27-Oct-18');
INSERT INTO messages (msgID,fromID,message,toGroupID,toUserID,dateSent) VALUES (175,27,'mauris, rhoncus id, mollis nec, cursus a, enim. Suspendisse aliquet, sem ut cursus luctus, ipsum leo elementum sem, vitae aliquam eros turpis non',Null,26,'02-Oct-17');
INSERT INTO messages (msgID,fromID,message,toGroupID,toUserID,dateSent) VALUES (176,28,'a neque. Nullam ut nisi a odio semper cursus. Integer mollis. Integer tincidunt aliquam arcu. Aliquam ultrices iaculis odio. Nam interdum enim non nisi. Aenean eget metus.',Null,27,'09-Dec-17');
INSERT INTO messages (msgID,fromID,message,toGroupID,toUserID,dateSent) VALUES (177,29,'ultricies adipiscing, enim mi tempor lorem, eget mollis',Null,28,'14-May-17');
INSERT INTO messages (msgID,fromID,message,toGroupID,toUserID,dateSent) VALUES (178,30,'orci sem eget massa. Suspendisse eleifend. Cras sed leo. Cras vehicula aliquet libero. Integer in magna. Phasellus dolor elit, pellentesque a, facilisis non, bibendum sed,',Null,29,'07-Jul-18');
INSERT INTO messages (msgID,fromID,message,toGroupID,toUserID,dateSent) VALUES (179,31,'ullamcorper. Duis cursus, diam at pretium aliquet, metus urna convallis erat, eget tincidunt dui augue eu tellus. Phasellus elit pede, malesuada vel, venenatis vel, faucibus id, libero. Donec',Null,30,'29-Mar-17');
INSERT INTO messages (msgID,fromID,message,toGroupID,toUserID,dateSent) VALUES (180,32,'Ut sagittis lobortis mauris. Suspendisse aliquet molestie tellus. Aenean egestas hendrerit neque. In',Null,31,'24-Jun-18');
INSERT INTO messages (msgID,fromID,message,toGroupID,toUserID,dateSent) VALUES (181,33,'Fusce aliquet magna a neque. Nullam ut nisi',Null,32,'07-Dec-17');
INSERT INTO messages (msgID,fromID,message,toGroupID,toUserID,dateSent) VALUES (182,34,'dolor. Quisque tincidunt pede ac urna. Ut tincidunt vehicula risus. Nulla eget metus eu erat semper rutrum. Fusce dolor quam, elementum at, egestas a, scelerisque sed, sapien.',Null,33,'14-Jun-18');
INSERT INTO messages (msgID,fromID,message,toGroupID,toUserID,dateSent) VALUES (183,35,'ante. Vivamus non lorem vitae odio sagittis semper. Nam tempor diam dictum',Null,34,'26-Sep-18');
INSERT INTO messages (msgID,fromID,message,toGroupID,toUserID,dateSent) VALUES (184,36,'Nunc mauris elit, dictum eu, eleifend nec, malesuada ut, sem. Nulla interdum. Curabitur dictum. Phasellus',Null,35,'07-Jan-17');
INSERT INTO messages (msgID,fromID,message,toGroupID,toUserID,dateSent) VALUES (185,37,'arcu. Vestibulum ante ipsum primis in faucibus orci luctus et ultrices posuere cubilia Curae; Phasellus ornare. Fusce mollis. Duis sit amet',Null,36,'07-Aug-18');
INSERT INTO messages (msgID,fromID,message,toGroupID,toUserID,dateSent) VALUES (186,38,'arcu. Vestibulum ut eros non',Null,37,'17-Nov-16');
INSERT INTO messages (msgID,fromID,message,toGroupID,toUserID,dateSent) VALUES (187,39,'hymenaeos. Mauris ut quam vel sapien imperdiet ornare. In faucibus. Morbi vehicula. Pellentesque tincidunt tempus risus. Donec egestas.',Null,38,'22-Sep-17');
INSERT INTO messages (msgID,fromID,message,toGroupID,toUserID,dateSent) VALUES (188,40,'Nulla aliquet.',Null,39,'27-May-17');
INSERT INTO messages (msgID,fromID,message,toGroupID,toUserID,dateSent) VALUES (189,41,'tincidunt, neque vitae semper egestas, urna justo faucibus lectus, a sollicitudin orci sem eget massa. Suspendisse eleifend. Cras sed leo. Cras vehicula aliquet libero. Integer in magna. Phasellus',Null,40,'07-Jan-17');
INSERT INTO messages (msgID,fromID,message,toGroupID,toUserID,dateSent) VALUES (190,42,'Sed',Null,41,'25-Jan-17');
INSERT INTO messages (msgID,fromID,message,toGroupID,toUserID,dateSent) VALUES (191,43,'pretium neque. Morbi quis urna. Nunc quis arcu vel quam dignissim pharetra. Nam',Null,42,'02-Jan-17');
INSERT INTO messages (msgID,fromID,message,toGroupID,toUserID,dateSent) VALUES (192,44,'risus. Nunc ac sem ut dolor dapibus gravida. Aliquam tincidunt, nunc ac mattis ornare, lectus ante dictum mi, ac mattis velit justo',Null,43,'18-Dec-16');
INSERT INTO messages (msgID,fromID,message,toGroupID,toUserID,dateSent) VALUES (193,45,'vulputate ullamcorper',Null,44,'05-Feb-18');
INSERT INTO messages (msgID,fromID,message,toGroupID,toUserID,dateSent) VALUES (194,46,'nec, mollis vitae, posuere at, velit. Cras lorem lorem, luctus ut, pellentesque eget, dictum placerat, augue. Sed molestie. Sed id risus quis',Null,45,'12-Jan-17');
INSERT INTO messages (msgID,fromID,message,toGroupID,toUserID,dateSent) VALUES (195,47,'turpis vitae purus gravida sagittis. Duis gravida. Praesent eu nulla at sem molestie sodales. Mauris blandit',Null,46,'12-Mar-17');
INSERT INTO messages (msgID,fromID,message,toGroupID,toUserID,dateSent) VALUES (196,48,'posuere vulputate, lacus. Cras interdum. Nunc sollicitudin commodo ipsum. Suspendisse non leo. Vivamus nibh dolor, nonummy ac, feugiat',Null,47,'11-Feb-17');
INSERT INTO messages (msgID,fromID,message,toGroupID,toUserID,dateSent) VALUES (197,49,'odio a purus. Duis elementum, dui quis accumsan convallis, ante lectus convallis est, vitae sodales nisi magna sed dui. Fusce aliquam, enim nec',Null,48,'17-Sep-18');
INSERT INTO messages (msgID,fromID,message,toGroupID,toUserID,dateSent) VALUES (198,50,'orci luctus et ultrices posuere cubilia Curae; Donec tincidunt. Donec vitae erat vel pede blandit congue. In scelerisque scelerisque dui. Suspendisse ac metus vitae velit egestas lacinia. Sed congue,',Null,49,'21-Jan-18');
INSERT INTO messages (msgID,fromID,message,toGroupID,toUserID,dateSent) VALUES (199,51,'In nec orci. Donec nibh. Quisque nonummy ipsum non arcu. Vivamus sit amet risus.',Null,50,'03-Jun-17');
INSERT INTO messages (msgID,fromID,message,toGroupID,toUserID,dateSent) VALUES (200,52,'Donec egestas. Aliquam nec enim. Nunc ut erat. Sed nunc est, mollis non, cursus non, egestas a, dui. Cras pellentesque. Sed dictum. Proin',Null,51,'14-Jan-18');
INSERT INTO messages (msgID,fromID,message,toGroupID,toUserID,dateSent) VALUES (201,53,'magna. Duis dignissim tempor arcu. Vestibulum ut eros non enim commodo hendrerit. Donec porttitor tellus non magna. Nam ligula elit, pretium',Null,52,'05-Nov-17');
INSERT INTO messages (msgID,fromID,message,toGroupID,toUserID,dateSent) VALUES (202,54,'orci lacus vestibulum',Null,53,'27-Oct-17');
INSERT INTO messages (msgID,fromID,message,toGroupID,toUserID,dateSent) VALUES (203,55,'risus. Nulla eget metus',Null,54,'28-Aug-18');
INSERT INTO messages (msgID,fromID,message,toGroupID,toUserID,dateSent) VALUES (204,56,'consectetuer mauris id sapien. Cras dolor dolor, tempus non,',Null,55,'29-Mar-18');
INSERT INTO messages (msgID,fromID,message,toGroupID,toUserID,dateSent) VALUES (205,57,'at pretium aliquet, metus urna convallis erat, eget tincidunt dui augue eu tellus. Phasellus elit pede, malesuada vel, venenatis',Null,56,'14-Nov-16');
INSERT INTO messages (msgID,fromID,message,toGroupID,toUserID,dateSent) VALUES (206,58,'tincidunt. Donec vitae erat vel pede blandit congue. In scelerisque scelerisque dui. Suspendisse ac metus vitae velit egestas lacinia. Sed congue, elit sed ',Null,57,'09-Feb-17');
INSERT INTO messages (msgID,fromID,message,toGroupID,toUserID,dateSent) VALUES (207,59,'a felis ullamcorper viverra. Maecenas iaculis aliquet diam. Sed diam lorem, auctor quis, tristique ac, eleifend vitae, erat. Vivamus nisi. Mauris nulla. Integer urna. Vivamus',Null,58,'31-Jul-17');
INSERT INTO messages (msgID,fromID,message,toGroupID,toUserID,dateSent) VALUES (208,60,'vitae, orci. Phasellus dapibus quam quis diam. Pellentesque habitant morbi tristique senectus et netus et malesuada fames ac turpis egestas. Fusce aliquet magna a neque. Nullam',Null,59,'11-Aug-17');
INSERT INTO messages (msgID,fromID,message,toGroupID,toUserID,dateSent) VALUES (209,61,'vitae odio sagittis semper. Nam tempor diam dictum',Null,60,'01-May-18');
INSERT INTO messages (msgID,fromID,message,toGroupID,toUserID,dateSent) VALUES (210,62,'convallis, ante lectus convallis est, vitae sodales nisi magna sed dui. Fusce',Null,61,'30-Nov-16');
INSERT INTO messages (msgID,fromID,message,toGroupID,toUserID,dateSent) VALUES (211,63,'non magna. Nam ligula elit, pretium et, rutrum non, hendrerit id, ante. Nunc mauris sapien, cursus in, hendrerit consectetuer, cursus et, magna. Praesent interdum ligula eu',Null,62,'15-Dec-16');
INSERT INTO messages (msgID,fromID,message,toGroupID,toUserID,dateSent) VALUES (212,64,'purus gravida sagittis. Duis gravida. Praesent eu nulla at sem molestie sodales. Mauris blandit enim consequat purus. Maecenas libero est, congue a, aliquet vel,',Null,63,'10-May-18');
INSERT INTO messages (msgID,fromID,message,toGroupID,toUserID,dateSent) VALUES (213,65,'mauris ipsum porta elit, a feugiat tellus lorem eu metus. In lorem. Donec elementum, lorem ut aliquam iaculis, lacus pede sagittis augue, eu tempor erat neque non quam.',Null,64,'12-Jul-17');
INSERT INTO messages (msgID,fromID,message,toGroupID,toUserID,dateSent) VALUES (214,66,'eu, euismod ac, fermentum vel, mauris. Integer sem elit, pharetra ut, pharetra sed, hendrerit a, arcu. Sed et libero. Proin mi. Aliquam gravida',Null,65,'26-Mar-18');
INSERT INTO messages (msgID,fromID,message,toGroupID,toUserID,dateSent) VALUES (215,67,'dui nec urna suscipit nonummy.',Null,66,'15-Sep-17');
INSERT INTO messages (msgID,fromID,message,toGroupID,toUserID,dateSent) VALUES (216,68,'eleifend, nunc risus varius orci, in consequat enim diam vel arcu. Curabitur ut odio',Null,67,'09-Jan-17');
INSERT INTO messages (msgID,fromID,message,toGroupID,toUserID,dateSent) VALUES (217,69,'mollis vitae, posuere at, velit. Cras lorem lorem, luctus ut, pellentesque',Null,68,'13-Aug-18');
INSERT INTO messages (msgID,fromID,message,toGroupID,toUserID,dateSent) VALUES (218,70,'egestas a, dui. Cras pellentesque. Sed dictum. Proin',Null,69,'01-Dec-17');
INSERT INTO messages (msgID,fromID,message,toGroupID,toUserID,dateSent) VALUES (219,71,'eget metus. In nec orci. Donec nibh. Quisque nonummy ipsum non arcu. Vivamus sit',Null,70,'24-Dec-17');
INSERT INTO messages (msgID,fromID,message,toGroupID,toUserID,dateSent) VALUES (220,72,'luctus sit amet, faucibus ut, nulla. Cras eu tellus eu augue',Null,71,'10-Oct-18');
INSERT INTO messages (msgID,fromID,message,toGroupID,toUserID,dateSent) VALUES (221,73,'egestas nunc sed libero. Proin sed turpis nec mauris blandit mattis. Cras eget nisi dictum',Null,72,'28-May-18');
INSERT INTO messages (msgID,fromID,message,toGroupID,toUserID,dateSent) VALUES (222,74,'risus quis diam luctus lobortis. Class aptent taciti sociosqu ad litora torquent per conubia nostra, per inceptos hymenaeos. Mauris ut quam vel sapien imperdiet ornare.',Null,73,'09-Nov-18');
INSERT INTO messages (msgID,fromID,message,toGroupID,toUserID,dateSent) VALUES (223,75,'lectus. Cum sociis natoque penatibus et',Null,74,'15-Jan-17');
INSERT INTO messages (msgID,fromID,message,toGroupID,toUserID,dateSent) VALUES (224,76,'dictum eu,',Null,75,'10-Mar-18');
INSERT INTO messages (msgID,fromID,message,toGroupID,toUserID,dateSent) VALUES (225,77,'vel, vulputate eu, odio. Phasellus at augue id ante dictum cursus. Nunc mauris elit, dictum eu, eleifend nec, malesuada ut, sem. Nulla interdum.',Null,76,'18-Jun-18');
INSERT INTO messages (msgID,fromID,message,toGroupID,toUserID,dateSent) VALUES (226,78,'imperdiet,',Null,77,'26-Apr-17');
INSERT INTO messages (msgID,fromID,message,toGroupID,toUserID,dateSent) VALUES (227,79,'amet ante. Vivamus non lorem vitae odio sagittis semper. Nam tempor diam dictum sapien. Aenean massa. Integer vitae nibh. Donec est mauris, rhoncus id, mollis nec, cursus',Null,78,'17-Oct-18');
INSERT INTO messages (msgID,fromID,message,toGroupID,toUserID,dateSent) VALUES (228,80,'tincidunt dui augue eu tellus. Phasellus elit pede, malesuada vel, venenatis vel, faucibus id, libero. Donec consectetuer mauris id sapien. Cras dolor dolor, tempus non, lacinia at, iaculis quis,',Null,79,'09-Dec-17');
INSERT INTO messages (msgID,fromID,message,toGroupID,toUserID,dateSent) VALUES (229,81,'imperdiet, erat nonummy ultricies ornare, elit elit',Null,80,'25-Nov-17');
INSERT INTO messages (msgID,fromID,message,toGroupID,toUserID,dateSent) VALUES (230,82,'a feugiat tellus lorem eu metus.',Null,81,'25-Feb-17');
INSERT INTO messages (msgID,fromID,message,toGroupID,toUserID,dateSent) VALUES (231,83,'at pretium aliquet, metus urna convallis erat, eget tincidunt dui augue eu tellus. Phasellus elit pede, malesuada vel, venenatis vel, faucibus id, libero.',Null,82,'03-Jun-18');
INSERT INTO messages (msgID,fromID,message,toGroupID,toUserID,dateSent) VALUES (232,84,'tincidunt nibh. Phasellus nulla. Integer vulputate, risus a ultricies adipiscing, enim mi tempor lorem, eget mollis lectus pede et risus. Quisque libero lacus, varius et,',Null,83,'17-Nov-17');
INSERT INTO messages (msgID,fromID,message,toGroupID,toUserID,dateSent) VALUES (233,85,'risus. Nunc ac',Null,84,'11-Jun-18');
INSERT INTO messages (msgID,fromID,message,toGroupID,toUserID,dateSent) VALUES (234,86,'risus odio, auctor vitae, aliquet nec, imperdiet nec, leo. Morbi neque',Null,85,'03-Mar-17');
INSERT INTO messages (msgID,fromID,message,toGroupID,toUserID,dateSent) VALUES (235,87,'non, sollicitudin a, malesuada id, erat. Etiam vestibulum massa rutrum magna. Cras convallis convallis dolor. Quisque tincidunt pede',Null,86,'22-Jul-17');
INSERT INTO messages (msgID,fromID,message,toGroupID,toUserID,dateSent) VALUES (236,88,'ipsum leo elementum sem, vitae aliquam eros turpis non enim. Mauris quis turpis vitae purus gravida sagittis. Duis gravida. Praesent eu nulla at sem molestie sodales. Mauris blandit',Null,87,'24-Sep-18');
INSERT INTO messages (msgID,fromID,message,toGroupID,toUserID,dateSent) VALUES (237,89,'sociis natoque penatibus et magnis dis parturient montes, nascetur ridiculus mus. Aenean eget',Null,88,'09-Feb-18');
INSERT INTO messages (msgID,fromID,message,toGroupID,toUserID,dateSent) VALUES (238,90,'commodo auctor velit. Aliquam nisl. Nulla eu neque pellentesque massa lobortis',Null,89,'20-May-17');
INSERT INTO messages (msgID,fromID,message,toGroupID,toUserID,dateSent) VALUES (239,91,'tellus non',Null,90,'12-Dec-16');
INSERT INTO messages (msgID,fromID,message,toGroupID,toUserID,dateSent) VALUES (240,92,'egestas. Aliquam fringilla cursus purus. Nullam scelerisque neque sed sem egestas blandit. Nam nulla magna, malesuada',Null,91,'04-Feb-17');
INSERT INTO messages (msgID,fromID,message,toGroupID,toUserID,dateSent) VALUES (241,93,'quis massa. Mauris vestibulum, neque sed',Null,92,'29-Nov-16');
INSERT INTO messages (msgID,fromID,message,toGroupID,toUserID,dateSent) VALUES (242,94,'aliquam adipiscing lacus. Ut nec urna et arcu',Null,93,'30-Apr-18');
INSERT INTO messages (msgID,fromID,message,toGroupID,toUserID,dateSent) VALUES (243,95,'posuere vulputate, lacus. Cras interdum. Nunc sollicitudin commodo ipsum. Suspendisse non leo. Vivamus nibh dolor, nonummy ac, feugiat non, lobortis quis, pede. Suspendisse dui. Fusce diam nunc,',Null,94,'27-Aug-18');
INSERT INTO messages (msgID,fromID,message,toGroupID,toUserID,dateSent) VALUES (244,96,'imperdiet non, vestibulum nec, euismod in, dolor. Fusce feugiat. Lorem ipsum dolor sit amet, consectetuer adipiscing elit. Aliquam auctor, velit eget laoreet',Null,95,'29-Jun-18');
INSERT INTO messages (msgID,fromID,message,toGroupID,toUserID,dateSent) VALUES (245,97,'rutrum. Fusce dolor quam, elementum at, egestas a, scelerisque sed, sapien.',Null,96,'07-Dec-17');
INSERT INTO messages (msgID,fromID,message,toGroupID,toUserID,dateSent) VALUES (246,98,'eget laoreet posuere, enim nisl elementum purus,',Null,97,'26-Apr-18');
INSERT INTO messages (msgID,fromID,message,toGroupID,toUserID,dateSent) VALUES (247,99,'dolor elit, pellentesque a, facilisis non, bibendum sed, est. Nunc',Null,98,'03-Oct-18');
INSERT INTO messages (msgID,fromID,message,toGroupID,toUserID,dateSent) VALUES (248,100,'Sed congue, elit sed consequat auctor, nunc nulla vulputate dui, nec tempus mauris erat eget ipsum. Suspendisse sagittis. Nullam vitae diam. Proin dolor.',Null,99,'27-Apr-18');


------------------ 10 messages from every 10th user to a sequatial group id--------------------
INSERT INTO messages (msgID,fromID,message,toGroupID,toUserID,dateSent) VALUES (249,1,'dui, nec tempus mauris erat eget ipsum. Suspendisse sagittis. Nullam vitae diam. Proin dolor.',1,Null,'14-Aug-18');
INSERT INTO messages (msgID,fromID,message,toGroupID,toUserID,dateSent) VALUES (250,11,'volutpat. Nulla dignissim. Maecenas ornare egestas ligula. Nullam feugiat placerat velit. Quisque varius. Nam porttitor scelerisque',2,Null,'27-Jan-17');
INSERT INTO messages (msgID,fromID,message,toGroupID,toUserID,dateSent) VALUES (251,21,'in, dolor. Fusce feugiat. Lorem ipsum dolor sit amet, consectetuer adipiscing elit. Aliquam auctor, velit eget laoreet posuere, enim nisl elementum',3,Null,'07-Jan-18');
INSERT INTO messages (msgID,fromID,message,toGroupID,toUserID,dateSent) VALUES (252,31,'faucibus. Morbi vehicula. Pellentesque tincidunt tempus risus. Donec egestas. Duis ac arcu. Nunc mauris. Morbi non sapien molestie orci tincidunt adipiscing',4,Null,'15-Mar-17');
INSERT INTO messages (msgID,fromID,message,toGroupID,toUserID,dateSent) VALUES (253,41,'lacinia vitae, sodales at,',5,Null,'01-Jun-18');
INSERT INTO messages (msgID,fromID,message,toGroupID,toUserID,dateSent) VALUES (254,51,'tincidunt dui augue eu tellus. Phasellus elit pede,',6,Null,'09-Jul-18');
INSERT INTO messages (msgID,fromID,message,toGroupID,toUserID,dateSent) VALUES (255,61,'nec ante',7,Null,'23-Jan-18');
INSERT INTO messages (msgID,fromID,message,toGroupID,toUserID,dateSent) VALUES (256,71,'orci. Phasellus dapibus quam quis diam.',8,Null,'24-Feb-17');
INSERT INTO messages (msgID,fromID,message,toGroupID,toUserID,dateSent) VALUES (257,81,'Curabitur dictum.',9,Null,'27-Mar-18');
INSERT INTO messages (msgID,fromID,message,toGroupID,toUserID,dateSent) VALUES (258,91,'et,',10,Null,'28-Apr-17');

------------------- 10  messages from every 5th starting from 3rd userid--------------------
INSERT INTO messages (msgID,fromID,message,toGroupID,toUserID,dateSent) VALUES (259,3,'eget magna. Suspendisse tristique neque venenatis lacus.',1,Null,'24-Sep-17');
INSERT INTO messages (msgID,fromID,message,toGroupID,toUserID,dateSent) VALUES (260,8,'ipsum. Suspendisse sagittis. Nullam vitae diam.',2,Null,'12-May-17');
INSERT INTO messages (msgID,fromID,message,toGroupID,toUserID,dateSent) VALUES (261,13,'nibh. Phasellus nulla. Integer vulputate, risus a ultricies adipiscing, enim mi tempor lorem, eget mollis lectus pede et risus. Quisque libero lacus,',3,Null,'27-Dec-17');
INSERT INTO messages (msgID,fromID,message,toGroupID,toUserID,dateSent) VALUES (262,18,'nibh. Phasellus nulla. Integer',4,Null,'13-Mar-17');
INSERT INTO messages (msgID,fromID,message,toGroupID,toUserID,dateSent) VALUES (263,23,'dis parturient montes, nascetur ridiculus mus.',5,Null,'16-Oct-17');
INSERT INTO messages (msgID,fromID,message,toGroupID,toUserID,dateSent) VALUES (264,28,'Etiam gravida molestie arcu. Sed eu nibh vulputate mauris sagittis placerat. Cras dictum ultricies',6,Null,'30-Nov-17');
INSERT INTO messages (msgID,fromID,message,toGroupID,toUserID,dateSent) VALUES (265,33,'nascetur ridiculus mus. Proin vel arcu eu odio tristique pharetra. Quisque ac',7,Null,'26-Apr-17');
INSERT INTO messages (msgID,fromID,message,toGroupID,toUserID,dateSent) VALUES (266,38,'libero. Morbi accumsan laoreet ipsum. Curabitur consequat, lectus sit amet luctus vulputate, nisi sem semper erat, in consectetuer ipsum nunc id enim. Curabitur massa.',8,Null,'02-May-17');
INSERT INTO messages (msgID,fromID,message,toGroupID,toUserID,dateSent) VALUES (267,43,'Sed neque. Sed eget lacus. Mauris non dui nec urna suscipit nonummy. Fusce fermentum fermentum',9,Null,'22-May-18');
INSERT INTO messages (msgID,fromID,message,toGroupID,toUserID,dateSent) VALUES (268,48,'Quisque porttitor eros nec tellus. Nunc lectus pede, ultrices a, auctor non, feugiat nec, diam. Duis mi enim, condimentum eget,',10,Null,'27-Apr-18');


-------------------- the rest is just random  groups----------------------------
INSERT INTO messages (msgID,fromID,message,toGroupID,toUserID,dateSent) VALUES (269,2,'eleifend non, dapibus rutrum, justo. Praesent luctus. Curabitur egestas nunc sed libero. Proin sed turpis nec mauris blandit mattis. Cras eget nisi dictum augue malesuada',3,Null,'01-Oct-17');
INSERT INTO messages (msgID,fromID,message,toGroupID,toUserID,dateSent) VALUES (270,3,'Cras dolor',3,Null,'27-Oct-18');
INSERT INTO messages (msgID,fromID,message,toGroupID,toUserID,dateSent) VALUES (271,4,'Proin eget odio. Aliquam vulputate',6,Null,'11-Apr-18');
INSERT INTO messages (msgID,fromID,message,toGroupID,toUserID,dateSent) VALUES (272,5,'montes, nascetur ridiculus mus. Proin vel nisl. Quisque fringilla euismod enim. Etiam gravida molestie arcu. Sed eu',10,Null,'25-Aug-18');
INSERT INTO messages (msgID,fromID,message,toGroupID,toUserID,dateSent) VALUES (273,6,'orci tincidunt',8,Null,'11-Sep-18');
INSERT INTO messages (msgID,fromID,message,toGroupID,toUserID,dateSent) VALUES (274,7,'lorem ut aliquam iaculis, lacus pede sagittis augue, eu tempor erat',4,Null,'19-Nov-16');
INSERT INTO messages (msgID,fromID,message,toGroupID,toUserID,dateSent) VALUES (275,8,'molestie tellus. Aenean egestas hendrerit neque. In ornare sagittis felis. Donec tempor, est ac mattis semper, dui lectus rutrum urna, nec luctus felis purus ac tellus. Suspendisse',4,Null,'10-Jul-18');
INSERT INTO messages (msgID,fromID,message,toGroupID,toUserID,dateSent) VALUES (276,9,'Nunc pulvinar arcu et',4,Null,'02-Jul-18');
INSERT INTO messages (msgID,fromID,message,toGroupID,toUserID,dateSent) VALUES (277,10,'elementum, dui quis accumsan convallis, ante lectus convallis est, vitae sodales nisi magna sed dui. Fusce aliquam, enim nec tempus',7,Null,'02-Feb-18');
INSERT INTO messages (msgID,fromID,message,toGroupID,toUserID,dateSent) VALUES (278,11,'commodo tincidunt nibh. Phasellus nulla. Integer vulputate, risus a ultricies adipiscing, enim mi tempor lorem,',3,Null,'26-Oct-17');
INSERT INTO messages (msgID,fromID,message,toGroupID,toUserID,dateSent) VALUES (279,12,'bibendum. Donec felis orci, adipiscing non, luctus sit amet, faucibus ut, nulla. Cras eu tellus eu augue porttitor interdum. Sed auctor odio a',3,Null,'05-Mar-17');
INSERT INTO messages (msgID,fromID,message,toGroupID,toUserID,dateSent) VALUES (280,13,'Donec fringilla. Donec feugiat metus sit amet',5,Null,'23-May-17');
INSERT INTO messages (msgID,fromID,message,toGroupID,toUserID,dateSent) VALUES (281,14,'nec enim. Nunc ut erat. Sed nunc est, mollis non, cursus non, egestas a, dui. Cras pellentesque. Sed dictum. Proin eget odio. Aliquam vulputate ullamcorper magna. Sed eu eros. Nam',8,Null,'18-Mar-18');
INSERT INTO messages (msgID,fromID,message,toGroupID,toUserID,dateSent) VALUES (282,15,'erat vel pede blandit',6,Null,'05-Sep-18');
INSERT INTO messages (msgID,fromID,message,toGroupID,toUserID,dateSent) VALUES (283,16,'amet, dapibus id, blandit at, nisi. Cum sociis natoque penatibus et',2,Null,'19-Mar-18');
INSERT INTO messages (msgID,fromID,message,toGroupID,toUserID,dateSent) VALUES (284,17,'arcu. Vestibulum ut eros non enim commodo hendrerit. Donec porttitor tellus non magna. Nam ligula elit, pretium et, rutrum non, hendrerit id, ante. Nunc mauris sapien, cursus in,',8,Null,'16-Aug-18');
INSERT INTO messages (msgID,fromID,message,toGroupID,toUserID,dateSent) VALUES (285,18,'vitae odio sagittis semper. Nam tempor diam dictum sapien. Aenean massa. Integer vitae nibh. Donec est mauris, rhoncus id, mollis nec, cursus a,',3,Null,'23-Dec-16');
INSERT INTO messages (msgID,fromID,message,toGroupID,toUserID,dateSent) VALUES (286,19,'Curae; Donec tincidunt. Donec vitae erat vel pede blandit congue. In scelerisque scelerisque dui. Suspendisse ac metus vitae velit egestas lacinia. Sed congue, elit sed consequat auctor,',4,Null,'02-Oct-17');
INSERT INTO messages (msgID,fromID,message,toGroupID,toUserID,dateSent) VALUES (287,20,'non ante bibendum',6,Null,'27-Apr-18');
INSERT INTO messages (msgID,fromID,message,toGroupID,toUserID,dateSent) VALUES (288,21,'erat volutpat. Nulla dignissim. Maecenas ornare egestas ligula. Nullam feugiat placerat velit. Quisque',1,Null,'27-Feb-17');
INSERT INTO messages (msgID,fromID,message,toGroupID,toUserID,dateSent) VALUES (289,22,'amet, dapibus id, blandit at, nisi. Cum sociis natoque penatibus et magnis dis parturient',2,Null,'15-Nov-16');
INSERT INTO messages (msgID,fromID,message,toGroupID,toUserID,dateSent) VALUES (290,23,'interdum. Curabitur dictum. Phasellus in felis. Nulla tempor augue ac ipsum. Phasellus vitae mauris sit amet lorem semper auctor. Mauris vel turpis. Aliquam',6,Null,'11-Jan-17');
INSERT INTO messages (msgID,fromID,message,toGroupID,toUserID,dateSent) VALUES (291,24,'convallis dolor. Quisque tincidunt pede ac urna. Ut tincidunt vehicula risus. Nulla eget metus eu erat semper',3,Null,'14-Apr-17');
INSERT INTO messages (msgID,fromID,message,toGroupID,toUserID,dateSent) VALUES (292,25,'volutpat ornare, facilisis eget, ipsum. Donec sollicitudin adipiscing ligula. Aenean gravida nunc sed pede. Cum sociis natoque penatibus et magnis dis parturient montes, ',10,Null,'22-Oct-17');
INSERT INTO messages (msgID,fromID,message,toGroupID,toUserID,dateSent) VALUES (293,26,'at fringilla purus mauris a nunc. In at pede. Cras vulputate velit',2,Null,'29-May-18');
INSERT INTO messages (msgID,fromID,message,toGroupID,toUserID,dateSent) VALUES (294,27,'sapien molestie orci tincidunt adipiscing. Mauris molestie pharetra nibh. Aliquam ornare, libero at auctor ullamcorper,',2,Null,'03-Feb-18');
INSERT INTO messages (msgID,fromID,message,toGroupID,toUserID,dateSent) VALUES (295,28,'ipsum leo elementum sem, vitae aliquam eros turpis non enim. Mauris quis turpis vitae purus gravida sagittis. Duis gravida. Praesent eu nulla at',4,Null,'17-Sep-18');
INSERT INTO messages (msgID,fromID,message,toGroupID,toUserID,dateSent) VALUES (296,29,'ac nulla. In tincidunt congue turpis. In condimentum. Donec at arcu. Vestibulum',3,Null,'11-Dec-17');
INSERT INTO messages (msgID,fromID,message,toGroupID,toUserID,dateSent) VALUES (297,30,'id risus quis diam luctus lobortis. Class',5,Null,'10-Mar-17');
INSERT INTO messages (msgID,fromID,message,toGroupID,toUserID,dateSent) VALUES (298,31,'Aliquam fringilla cursus purus. Nullam scelerisque neque sed sem egestas blandit. Nam nulla magna, malesuada vel, convallis in, cursus et, eros. Proin ultrices. Duis volutpat nunc',6,Null,'03-Jan-17');
INSERT INTO messages (msgID,fromID,message,toGroupID,toUserID,dateSent) VALUES (299,32,'et tristique pellentesque, tellus sem mollis dui, in sodales',1,Null,'20-Jun-18');
INSERT INTO messages (msgID,fromID,message,toGroupID,toUserID,dateSent) VALUES (300,33,'lectus convallis est, vitae sodales nisi magna sed dui.',7,Null,'02-Feb-18');
INSERT INTO messages (msgID,fromID,message,toGroupID,toUserID,dateSent) VALUES (301,34,'ac metus vitae velit egestas lacinia. Sed congue, elit sed consequat auctor, nunc nulla vulputate dui, nec tempus mauris erat eget ipsum. Suspendisse',7,Null,'17-May-18');
INSERT INTO messages (msgID,fromID,message,toGroupID,toUserID,dateSent) VALUES (302,35,'urna. Nunc',8,Null,'25-Sep-18');
INSERT INTO messages (msgID,fromID,message,toGroupID,toUserID,dateSent) VALUES (303,36,'fringilla purus mauris a nunc. In at pede. Cras vulputate velit eu sem. Pellentesque ut',10,Null,'15-Nov-17');
INSERT INTO messages (msgID,fromID,message,toGroupID,toUserID,dateSent) VALUES (304,37,'ultricies dignissim lacus. Aliquam rutrum lorem ac risus. Morbi metus. Vivamus euismod urna. Nullam lobortis quam a felis ullamcorper viverra. Maecenas iaculis aliquet diam. ,',3,Null,'09-Oct-17');
INSERT INTO messages (msgID,fromID,message,toGroupID,toUserID,dateSent) VALUES (305,38,'Nullam nisl. Maecenas malesuada fringilla est. Mauris eu turpis.',4,Null,'17-Sep-18');
INSERT INTO messages (msgID,fromID,message,toGroupID,toUserID,dateSent) VALUES (306,39,'rhoncus id, mollis nec, cursus a, enim. Suspendisse aliquet, sem ut cursus luctus, ipsum leo',2,Null,'19-May-18');
INSERT INTO messages (msgID,fromID,message,toGroupID,toUserID,dateSent) VALUES (307,40,'facilisis, magna tellus faucibus leo, in lobortis tellus justo sit amet nulla. Donec non justo. Proin non massa non ante',1,Null,'11-May-18');
INSERT INTO messages (msgID,fromID,message,toGroupID,toUserID,dateSent) VALUES (308,41,'et tristique pellentesque, tellus sem mollis dui, in sodales elit erat vitae risus. Duis a',1,Null,'14-Aug-18');
INSERT INTO messages (msgID,fromID,message,toGroupID,toUserID,dateSent) VALUES (309,42,'neque. In ornare sagittis felis. Donec tempor, est ac mattis semper, dui lectus rutrum urna, nec luctus felis purus ac tellus. Suspendisse sed dolor. Fusce mi lorem,',5,Null,'07-Jul-17');
INSERT INTO messages (msgID,fromID,message,toGroupID,toUserID,dateSent) VALUES (310,43,'rutrum eu, ultrices sit amet, risus. Donec nibh enim, gravida sit amet, dapibus id, blandit at, nisi. Cum sociis natoque penatibus et magnis dis parturient montes,',3,Null,'06-Aug-18');
